raw_index,session_file,session_path,session_rel_path,session_source_dir,session_id,dbase_fileID,condition,condition_primary,social_context,drug,dreadd_target,dreadd_control_cohort,arena,arena_label,mouse_codes,mouse_type_1,mouse_type_2,mouse_type_3,n_animals,effective_n_animals,animal_keep_indices,animal_finite_fraction,animal_qc_status,animal_qc_notes,n_frames,n_nodes,n_coords,has_scores,score_dims,has_excluded_frames,excluded_frame_count,file_bytes,include_block1_dyadic,include_motif_discovery,motif_exclusion_reason,include_block2_egocentric,paper_include,exclusion_reason,file_modified,raw_database_file,manifest_schema_version,manifest_generated_by,condition_id,condition_raw,dyad_condition,condition_label,dyad_condition_label,condition_family_id,condition_family,condition_family_label,mouse_pair_label,arena_display_label,social_context_label,drug_label,dreadd_target_label,cohort_id,cohort_label,cohort_short_label,cohort_condition,cohort_condition_label,cohort_definition_source,cohort_definition_note,defined_contrast_set,defined_contrast_label,include_defined_primary_big_contrast,include_defined_primary_small_contrast,include_defined_wtwt_arena_contrast,include_defined_anesthetized_context,include_defined_pfc_chemogenetic,include_defined_dcn_chemogenetic,arena_condition,arena_condition_label,analysis_group_id,analysis_group_label,plot_group_label,label_text_safe_for_matlab
1,session_0001.mat,session_0001.mat,session_0001.mat,files2run,session_2360,2360,WT,WT,single,none,none,0,B,big,1,WT,,,1,1,1,1,ok,,95998,13,2,1,95998x13,0,0,14085630,0,0,not_two_usable_animals,1,1,,04-Jun-2026 16:31:18,ALLPAIRS-Feb2025.mat,foundation_v2_label_safe,paper/run_01_manifest.m,WT,WT,WT,WT single,WT single,single_mouse,single_mouse,Single mouse,WT,Big arena,Single,None,None,cohort1_single_mouse,Cohort 1 big arena WT single baseline,C1,cohort1_single_mouse:WT,C1 WT single,user_2026_06_25,single-mouse baseline retained for egocentric/social-context analyses,single_mouse_baseline,Single mouse baseline,0,0,0,0,0,0,big:WT,Big arena WT single,cohort1_single_mouse|big|WT,Cohort 1 big arena WT single baseline,C1 big WT single,1
2,session_0002.mat,session_0002.mat,session_0002.mat,files2run,session_2361,2361,WT,WT,single,none,none,0,B,big,1,WT,,,1,1,1,1,ok,,95998,13,2,1,95998x13,0,0,14029838,0,0,not_two_usable_animals,1,1,,04-Jun-2026 16:31:19,ALLPAIRS-Feb2025.mat,foundation_v2_label_safe,paper/run_01_manifest.m,WT,WT,WT,WT single,WT single,single_mouse,single_mouse,Single mouse,WT,Big arena,Single,None,None,cohort1_single_mouse,Cohort 1 big arena WT single baseline,C1,cohort1_single_mouse:WT,C1 WT single,user_2026_06_25,single-mouse baseline retained for egocentric/social-context analyses,single_mouse_baseline,Single mouse baseline,0,0,0,0,0,0,big:WT,Big arena WT single,cohort1_single_mouse|big|WT,Cohort 1 big arena WT single baseline,C1 big WT single,1
3,session_0003.mat,session_0003.mat,session_0003.mat,files2run,session_2362,2362,WT,WT,single,none,none,0,B,big,1,WT,,,1,1,1,1,ok,,95998,13,2,1,95998x13,0,0,14024728,0,0,not_two_usable_animals,1,1,,04-Jun-2026 16:31:19,ALLPAIRS-Feb2025.mat,foundation_v2_label_safe,paper/run_01_manifest.m,WT,WT,WT,WT single,WT single,single_mouse,single_mouse,Single mouse,WT,Big arena,Single,None,None,cohort1_single_mouse,Cohort 1 big arena WT single baseline,C1,cohort1_single_mouse:WT,C1 WT single,user_2026_06_25,single-mouse baseline retained for egocentric/social-context analyses,single_mouse_baseline,Single mouse baseline,0,0,0,0,0,0,big:WT,Big arena WT single,cohort1_single_mouse|big|WT,Cohort 1 big arena WT single baseline,C1 big WT single,1
4,session_0004.mat,session_0004.mat,session_0004.mat,files2run,session_2363,2363,WT,WT,single,none,none,0,B,big,1,WT,,,1,1,1,1,ok,,95998,13,2,1,95998x13,0,0,13993200,0,0,not_two_usable_animals,1,1,,04-Jun-2026 16:31:19,ALLPAIRS-Feb2025.mat,foundation_v2_label_safe,paper/run_01_manifest.m,WT,WT,WT,WT single,WT single,single_mouse,single_mouse,Single mouse,WT,Big arena,Single,None,None,cohort1_single_mouse,Cohort 1 big arena WT single baseline,C1,cohort1_single_mouse:WT,C1 WT single,user_2026_06_25,single-mouse baseline retained for egocentric/social-context analyses,single_mouse_baseline,Single mouse baseline,0,0,0,0,0,0,big:WT,Big arena WT single,cohort1_single_mouse|big|WT,Cohort 1 big arena WT single baseline,C1 big WT single,1
5,session_0005.mat,session_0005.mat,session_0005.mat,files2run,session_2364,2364,WT,WT,single,none,none,0,B,big,1,WT,,,1,1,1,1,ok,,95998,13,2,1,95998x13,0,0,13734261,0,0,not_two_usable_animals,1,1,,04-Jun-2026 16:31:19,ALLPAIRS-Feb2025.mat,foundation_v2_label_safe,paper/run_01_manifest.m,WT,WT,WT,WT single,WT single,single_mouse,single_mouse,Single mouse,WT,Big arena,Single,None,None,cohort1_single_mouse,Cohort 1 big arena WT single baseline,C1,cohort1_single_mouse:WT,C1 WT single,user_2026_06_25,single-mouse baseline retained for egocentric/social-context analyses,single_mouse_baseline,Single mouse baseline,0,0,0,0,0,0,big:WT,Big arena WT single,cohort1_single_mouse|big|WT,Cohort 1 big arena WT single baseline,C1 big WT single,1
6,session_0006.mat,session_0006.mat,session_0006.mat,files2run,session_2365,2365,WT,WT,single,none,none,0,B,big,1,WT,,,1,1,1,1,ok,,95998,13,2,1,95998x13,0,0,14091483,0,0,not_two_usable_animals,1,1,,04-Jun-2026 16:31:19,ALLPAIRS-Feb2025.mat,foundation_v2_label_safe,paper/run_01_manifest.m,WT,WT,WT,WT single,WT single,single_mouse,single_mouse,Single mouse,WT,Big arena,Single,None,None,cohort1_single_mouse,Cohort 1 big arena WT single baseline,C1,cohort1_single_mouse:WT,C1 WT single,user_2026_06_25,single-mouse baseline retained for egocentric/social-context analyses,single_mouse_baseline,Single mouse baseline,0,0,0,0,0,0,big:WT,Big arena WT single,cohort1_single_mouse|big|WT,Cohort 1 big arena WT single baseline,C1 big WT single,1
7,session_0007.mat,session_0007.mat,session_0007.mat,files2run,session_2366,2366,WT,WT,single,none,none,0,B,big,1,WT,,,1,1,1,1,ok,,95998,13,2,1,95998x13,0,0,14071711,0,0,not_two_usable_animals,1,1,,04-Jun-2026 16:31:19,ALLPAIRS-Feb2025.mat,foundation_v2_label_safe,paper/run_01_manifest.m,WT,WT,WT,WT single,WT single,single_mouse,single_mouse,Single mouse,WT,Big arena,Single,None,None,cohort1_single_mouse,Cohort 1 big arena WT single baseline,C1,cohort1_single_mouse:WT,C1 WT single,user_2026_06_25,single-mouse baseline retained for egocentric/social-context analyses,single_mouse_baseline,Single mouse baseline,0,0,0,0,0,0,big:WT,Big arena WT single,cohort1_single_mouse|big|WT,Cohort 1 big arena WT single baseline,C1 big WT single,1
8,session_0008.mat,session_0008.mat,session_0008.mat,files2run,session_2367,2367,WT,WT,single,none,none,0,B,big,1,WT,,,1,1,1,1,ok,,95998,13,2,1,95998x13,0,0,14166989,0,0,not_two_usable_animals,1,1,,04-Jun-2026 16:31:20,ALLPAIRS-Feb2025.mat,foundation_v2_label_safe,paper/run_01_manifest.m,WT,WT,WT,WT single,WT single,single_mouse,single_mouse,Single mouse,WT,Big arena,Single,None,None,cohort1_single_mouse,Cohort 1 big arena WT single baseline,C1,cohort1_single_mouse:WT,C1 WT single,user_2026_06_25,single-mouse baseline retained for egocentric/social-context analyses,single_mouse_baseline,Single mouse baseline,0,0,0,0,0,0,big:WT,Big arena WT single,cohort1_single_mouse|big|WT,Cohort 1 big arena WT single baseline,C1 big WT single,1
9,session_0009.mat,session_0009.mat,session_0009.mat,files2run,session_2368,2368,WT,WT,single,none,none,0,B,big,1,WT,,,1,1,1,1,ok,,95998,13,2,1,95998x13,0,0,14042759,0,0,not_two_usable_animals,1,1,,04-Jun-2026 16:31:20,ALLPAIRS-Feb2025.mat,foundation_v2_label_safe,paper/run_01_manifest.m,WT,WT,WT,WT single,WT single,single_mouse,single_mouse,Single mouse,WT,Big arena,Single,None,None,cohort1_single_mouse,Cohort 1 big arena WT single baseline,C1,cohort1_single_mouse:WT,C1 WT single,user_2026_06_25,single-mouse baseline retained for egocentric/social-context analyses,single_mouse_baseline,Single mouse baseline,0,0,0,0,0,0,big:WT,Big arena WT single,cohort1_single_mouse|big|WT,Cohort 1 big arena WT single baseline,C1 big WT single,1
10,session_0010.mat,session_0010.mat,session_0010.mat,files2run,session_2369,2369,WT,WT,single,none,none,0,B,big,1,WT,,,1,1,1,1,ok,,95998,13,2,1,95998x13,0,0,13892411,0,0,not_two_usable_animals,1,1,,04-Jun-2026 16:31:20,ALLPAIRS-Feb2025.mat,foundation_v2_label_safe,paper/run_01_manifest.m,WT,WT,WT,WT single,WT single,single_mouse,single_mouse,Single mouse,WT,Big arena,Single,None,None,cohort1_single_mouse,Cohort 1 big arena WT single baseline,C1,cohort1_single_mouse:WT,C1 WT single,user_2026_06_25,single-mouse baseline retained for egocentric/social-context analyses,single_mouse_baseline,Single mouse baseline,0,0,0,0,0,0,big:WT,Big arena WT single,cohort1_single_mouse|big|WT,Cohort 1 big arena WT single baseline,C1 big WT single,1
11,session_0011.mat,session_0011.mat,session_0011.mat,files2run,session_2370,2370,WT,WT,single,none,none,0,B,big,1,WT,,,1,1,1,1,ok,,95998,13,2,1,95998x13,0,0,13837752,0,0,not_two_usable_animals,1,1,,04-Jun-2026 16:31:21,ALLPAIRS-Feb2025.mat,foundation_v2_label_safe,paper/run_01_manifest.m,WT,WT,WT,WT single,WT single,single_mouse,single_mouse,Single mouse,WT,Big arena,Single,None,None,cohort1_single_mouse,Cohort 1 big arena WT single baseline,C1,cohort1_single_mouse:WT,C1 WT single,user_2026_06_25,single-mouse baseline retained for egocentric/social-context analyses,single_mouse_baseline,Single mouse baseline,0,0,0,0,0,0,big:WT,Big arena WT single,cohort1_single_mouse|big|WT,Cohort 1 big arena WT single baseline,C1 big WT single,1
12,session_0012.mat,session_0012.mat,session_0012.mat,files2run,session_2371,2371,WT,WT,single,none,none,0,B,big,1,WT,,,1,1,1,1,ok,,95998,13,2,1,95998x13,0,0,13938899,0,0,not_two_usable_animals,1,1,,04-Jun-2026 16:31:21,ALLPAIRS-Feb2025.mat,foundation_v2_label_safe,paper/run_01_manifest.m,WT,WT,WT,WT single,WT single,single_mouse,single_mouse,Single mouse,WT,Big arena,Single,None,None,cohort1_single_mouse,Cohort 1 big arena WT single baseline,C1,cohort1_single_mouse:WT,C1 WT single,user_2026_06_25,single-mouse baseline retained for egocentric/social-context analyses,single_mouse_baseline,Single mouse baseline,0,0,0,0,0,0,big:WT,Big arena WT single,cohort1_single_mouse|big|WT,Cohort 1 big arena WT single baseline,C1 big WT single,1
13,session_0013.mat,session_0013.mat,session_0013.mat,files2run,session_2372,2372,WT,WT,single,none,none,0,B,big,1,WT,,,1,1,1,1,ok,,95998,13,2,1,95998x13,0,0,13952458,0,0,not_two_usable_animals,1,1,,04-Jun-2026 16:31:22,ALLPAIRS-Feb2025.mat,foundation_v2_label_safe,paper/run_01_manifest.m,WT,WT,WT,WT single,WT single,single_mouse,single_mouse,Single mouse,WT,Big arena,Single,None,None,cohort1_single_mouse,Cohort 1 big arena WT single baseline,C1,cohort1_single_mouse:WT,C1 WT single,user_2026_06_25,single-mouse baseline retained for egocentric/social-context analyses,single_mouse_baseline,Single mouse baseline,0,0,0,0,0,0,big:WT,Big arena WT single,cohort1_single_mouse|big|WT,Cohort 1 big arena WT single baseline,C1 big WT single,1
14,session_0014.mat,session_0014.mat,session_0014.mat,files2run,session_2373,2373,WT,WT,single,none,none,0,B,big,1,WT,,,1,1,1,1,ok,,95998,13,2,1,95998x13,0,0,13895267,0,0,not_two_usable_animals,1,1,,04-Jun-2026 16:31:22,ALLPAIRS-Feb2025.mat,foundation_v2_label_safe,paper/run_01_manifest.m,WT,WT,WT,WT single,WT single,single_mouse,single_mouse,Single mouse,WT,Big arena,Single,None,None,cohort1_single_mouse,Cohort 1 big arena WT single baseline,C1,cohort1_single_mouse:WT,C1 WT single,user_2026_06_25,single-mouse baseline retained for egocentric/social-context analyses,single_mouse_baseline,Single mouse baseline,0,0,0,0,0,0,big:WT,Big arena WT single,cohort1_single_mouse|big|WT,Cohort 1 big arena WT single baseline,C1 big WT single,1
15,session_0015.mat,session_0015.mat,session_0015.mat,files2run,session_2374,2374,WT,WT,single,none,none,0,B,big,1,WT,,,1,1,1,1,ok,,95998,13,2,1,95998x13,0,0,13780953,0,0,not_two_usable_animals,1,1,,04-Jun-2026 16:31:23,ALLPAIRS-Feb2025.mat,foundation_v2_label_safe,paper/run_01_manifest.m,WT,WT,WT,WT single,WT single,single_mouse,single_mouse,Single mouse,WT,Big arena,Single,None,None,cohort1_single_mouse,Cohort 1 big arena WT single baseline,C1,cohort1_single_mouse:WT,C1 WT single,user_2026_06_25,single-mouse baseline retained for egocentric/social-context analyses,single_mouse_baseline,Single mouse baseline,0,0,0,0,0,0,big:WT,Big arena WT single,cohort1_single_mouse|big|WT,Cohort 1 big arena WT single baseline,C1 big WT single,1
16,session_0016.mat,session_0016.mat,session_0016.mat,files2run,session_2375,2375,WT,WT,single,none,none,0,B,big,1,WT,,,1,1,1,1,ok,,95998,13,2,1,95998x13,0,0,14180065,0,0,not_two_usable_animals,1,1,,04-Jun-2026 16:31:23,ALLPAIRS-Feb2025.mat,foundation_v2_label_safe,paper/run_01_manifest.m,WT,WT,WT,WT single,WT single,single_mouse,single_mouse,Single mouse,WT,Big arena,Single,None,None,cohort1_single_mouse,Cohort 1 big arena WT single baseline,C1,cohort1_single_mouse:WT,C1 WT single,user_2026_06_25,single-mouse baseline retained for egocentric/social-context analyses,single_mouse_baseline,Single mouse baseline,0,0,0,0,0,0,big:WT,Big arena WT single,cohort1_single_mouse|big|WT,Cohort 1 big arena WT single baseline,C1 big WT single,1
17,session_0017.mat,session_0017.mat,session_0017.mat,files2run,session_2440,2440,WT,WT,single,none,none,0,B,big,1,WT,,,1,1,1,1,ok,,95998,13,2,1,95998x13,0,0,14072527,0,0,not_two_usable_animals,1,1,,04-Jun-2026 16:31:24,ALLPAIRS-Feb2025.mat,foundation_v2_label_safe,paper/run_01_manifest.m,WT,WT,WT,WT single,WT single,single_mouse,single_mouse,Single mouse,WT,Big arena,Single,None,None,cohort1_single_mouse,Cohort 1 big arena WT single baseline,C1,cohort1_single_mouse:WT,C1 WT single,user_2026_06_25,single-mouse baseline retained for egocentric/social-context analyses,single_mouse_baseline,Single mouse baseline,0,0,0,0,0,0,big:WT,Big arena WT single,cohort1_single_mouse|big|WT,Cohort 1 big arena WT single baseline,C1 big WT single,1
18,session_0018.mat,session_0018.mat,session_0018.mat,files2run,session_2441,2441,WT,WT,single,none,none,0,B,big,1,WT,,,1,1,1,1,ok,,95998,13,2,1,95998x13,0,0,14113167,0,0,not_two_usable_animals,1,1,,04-Jun-2026 16:31:24,ALLPAIRS-Feb2025.mat,foundation_v2_label_safe,paper/run_01_manifest.m,WT,WT,WT,WT single,WT single,single_mouse,single_mouse,Single mouse,WT,Big arena,Single,None,None,cohort1_single_mouse,Cohort 1 big arena WT single baseline,C1,cohort1_single_mouse:WT,C1 WT single,user_2026_06_25,single-mouse baseline retained for egocentric/social-context analyses,single_mouse_baseline,Single mouse baseline,0,0,0,0,0,0,big:WT,Big arena WT single,cohort1_single_mouse|big|WT,Cohort 1 big arena WT single baseline,C1 big WT single,1
19,session_0019.mat,session_0019.mat,session_0019.mat,files2run,session_2442,2442,WT,WT,single,none,none,0,B,big,1,WT,,,1,1,1,1,ok,,95998,13,2,1,95998x13,0,0,14010649,0,0,not_two_usable_animals,1,1,,04-Jun-2026 16:31:25,ALLPAIRS-Feb2025.mat,foundation_v2_label_safe,paper/run_01_manifest.m,WT,WT,WT,WT single,WT single,single_mouse,single_mouse,Single mouse,WT,Big arena,Single,None,None,cohort1_single_mouse,Cohort 1 big arena WT single baseline,C1,cohort1_single_mouse:WT,C1 WT single,user_2026_06_25,single-mouse baseline retained for egocentric/social-context analyses,single_mouse_baseline,Single mouse baseline,0,0,0,0,0,0,big:WT,Big arena WT single,cohort1_single_mouse|big|WT,Cohort 1 big arena WT single baseline,C1 big WT single,1
20,session_0020.mat,session_0020.mat,session_0020.mat,files2run,session_2443,2443,WT,WT,single,none,none,0,B,big,1,WT,,,1,1,1,1,ok,,95998,13,2,1,95998x13,0,0,14265781,0,0,not_two_usable_animals,1,1,,04-Jun-2026 16:31:26,ALLPAIRS-Feb2025.mat,foundation_v2_label_safe,paper/run_01_manifest.m,WT,WT,WT,WT single,WT single,single_mouse,single_mouse,Single mouse,WT,Big arena,Single,None,None,cohort1_single_mouse,Cohort 1 big arena WT single baseline,C1,cohort1_single_mouse:WT,C1 WT single,user_2026_06_25,single-mouse baseline retained for egocentric/social-context analyses,single_mouse_baseline,Single mouse baseline,0,0,0,0,0,0,big:WT,Big arena WT single,cohort1_single_mouse|big|WT,Cohort 1 big arena WT single baseline,C1 big WT single,1
21,session_0021.mat,session_0021.mat,session_0021.mat,files2run,session_0005,0005,WT_WT,WT,freely_moving_dyad,none,none,0,B,big,1;1,WT,WT,,2,2,1;2,1;1,ok,,95998,13,2,1,95998x13x2,0,0,27712987,1,1,,1,1,,04-Jun-2026 16:31:27,ALLPAIRS-Feb2025.mat,foundation_v2_label_safe,paper/run_01_manifest.m,WT_WT,WT_WT,WT_WT,WT Pair,WT Pair,freely_moving_dyad,freely_moving_dyad,Freely moving dyad,WT Pair,Big arena,Freely moving dyad,None,None,cohort1,Cohort 1 big arena WT Pair,C1,cohort1:WT_WT,C1 WT Pair,user_2026_06_25,,block1_big_free_dyad_primary,Block 1 big arena primary dyads,1,0,1,0,0,0,big:WT_WT,Big arena WT Pair,cohort1|big|WT_WT,Cohort 1 big arena WT Pair,C1 big WT Pair,1
22,session_0022.mat,session_0022.mat,session_0022.mat,files2run,session_0006,0006,WT_WT,WT,freely_moving_dyad,none,none,0,B,big,1;1,WT,WT,,2,2,1;2,1;1,ok,,95998,13,2,1,95998x13x2,0,0,27760814,1,1,,1,1,,04-Jun-2026 16:31:28,ALLPAIRS-Feb2025.mat,foundation_v2_label_safe,paper/run_01_manifest.m,WT_WT,WT_WT,WT_WT,WT Pair,WT Pair,freely_moving_dyad,freely_moving_dyad,Freely moving dyad,WT Pair,Big arena,Freely moving dyad,None,None,cohort1,Cohort 1 big arena WT Pair,C1,cohort1:WT_WT,C1 WT Pair,user_2026_06_25,,block1_big_free_dyad_primary,Block 1 big arena primary dyads,1,0,1,0,0,0,big:WT_WT,Big arena WT Pair,cohort1|big|WT_WT,Cohort 1 big arena WT Pair,C1 big WT Pair,1
23,session_0023.mat,session_0023.mat,session_0023.mat,files2run,session_0007,0007,WT_WT,WT,freely_moving_dyad,none,none,0,B,big,1;1,WT,WT,,2,2,1;2,1;1,ok,,95998,13,2,1,95998x13x2,0,0,27465649,1,1,,1,1,,04-Jun-2026 16:31:29,ALLPAIRS-Feb2025.mat,foundation_v2_label_safe,paper/run_01_manifest.m,WT_WT,WT_WT,WT_WT,WT Pair,WT Pair,freely_moving_dyad,freely_moving_dyad,Freely moving dyad,WT Pair,Big arena,Freely moving dyad,None,None,cohort1,Cohort 1 big arena WT Pair,C1,cohort1:WT_WT,C1 WT Pair,user_2026_06_25,,block1_big_free_dyad_primary,Block 1 big arena primary dyads,1,0,1,0,0,0,big:WT_WT,Big arena WT Pair,cohort1|big|WT_WT,Cohort 1 big arena WT Pair,C1 big WT Pair,1
24,session_0024.mat,session_0024.mat,session_0024.mat,files2run,session_0008,0008,WT_WT,WT,freely_moving_dyad,none,none,0,B,big,1;1,WT,WT,,2,2,1;2,1;1,ok,,95998,13,2,1,95998x13x2,0,0,27890162,1,1,,1,1,,04-Jun-2026 16:31:29,ALLPAIRS-Feb2025.mat,foundation_v2_label_safe,paper/run_01_manifest.m,WT_WT,WT_WT,WT_WT,WT Pair,WT Pair,freely_moving_dyad,freely_moving_dyad,Freely moving dyad,WT Pair,Big arena,Freely moving dyad,None,None,cohort1,Cohort 1 big arena WT Pair,C1,cohort1:WT_WT,C1 WT Pair,user_2026_06_25,,block1_big_free_dyad_primary,Block 1 big arena primary dyads,1,0,1,0,0,0,big:WT_WT,Big arena WT Pair,cohort1|big|WT_WT,Cohort 1 big arena WT Pair,C1 big WT Pair,1
25,session_0025.mat,session_0025.mat,session_0025.mat,files2run,session_0009,0009,WT_WT,WT,freely_moving_dyad,none,none,0,B,big,1;1,WT,WT,,2,2,1;2,1;1,ok,,95998,13,2,1,95998x13x2,0,0,27635880,1,1,,1,1,,04-Jun-2026 16:31:30,ALLPAIRS-Feb2025.mat,foundation_v2_label_safe,paper/run_01_manifest.m,WT_WT,WT_WT,WT_WT,WT Pair,WT Pair,freely_moving_dyad,freely_moving_dyad,Freely moving dyad,WT Pair,Big arena,Freely moving dyad,None,None,cohort1,Cohort 1 big arena WT Pair,C1,cohort1:WT_WT,C1 WT Pair,user_2026_06_25,,block1_big_free_dyad_primary,Block 1 big arena primary dyads,1,0,1,0,0,0,big:WT_WT,Big arena WT Pair,cohort1|big|WT_WT,Cohort 1 big arena WT Pair,C1 big WT Pair,1
26,session_0026.mat,session_0026.mat,session_0026.mat,files2run,session_0010,0010,WT_WT,WT,freely_moving_dyad,none,none,0,B,big,1;1,WT,WT,,2,2,1;2,1;1,ok,,95998,13,2,1,95998x13x2,0,0,27892392,1,1,,1,1,,04-Jun-2026 16:31:31,ALLPAIRS-Feb2025.mat,foundation_v2_label_safe,paper/run_01_manifest.m,WT_WT,WT_WT,WT_WT,WT Pair,WT Pair,freely_moving_dyad,freely_moving_dyad,Freely moving dyad,WT Pair,Big arena,Freely moving dyad,None,None,cohort1,Cohort 1 big arena WT Pair,C1,cohort1:WT_WT,C1 WT Pair,user_2026_06_25,,block1_big_free_dyad_primary,Block 1 big arena primary dyads,1,0,1,0,0,0,big:WT_WT,Big arena WT Pair,cohort1|big|WT_WT,Cohort 1 big arena WT Pair,C1 big WT Pair,1
27,session_0027.mat,session_0027.mat,session_0027.mat,files2run,session_0011,0011,WT_WT,WT,freely_moving_dyad,none,none,0,B,big,1;1,WT,WT,,2,2,1;2,1;1,ok,,95998,13,2,1,95998x13x2,0,0,27264185,1,1,,1,1,,04-Jun-2026 16:31:31,ALLPAIRS-Feb2025.mat,foundation_v2_label_safe,paper/run_01_manifest.m,WT_WT,WT_WT,WT_WT,WT Pair,WT Pair,freely_moving_dyad,freely_moving_dyad,Freely moving dyad,WT Pair,Big arena,Freely moving dyad,None,None,cohort1,Cohort 1 big arena WT Pair,C1,cohort1:WT_WT,C1 WT Pair,user_2026_06_25,,block1_big_free_dyad_primary,Block 1 big arena primary dyads,1,0,1,0,0,0,big:WT_WT,Big arena WT Pair,cohort1|big|WT_WT,Cohort 1 big arena WT Pair,C1 big WT Pair,1
28,session_0028.mat,session_0028.mat,session_0028.mat,files2run,session_0012,0012,WT_WT,WT,freely_moving_dyad,none,none,0,B,big,1;1,WT,WT,,2,2,1;2,1;1,ok,,95998,13,2,1,95998x13x2,0,0,27912340,1,1,,1,1,,04-Jun-2026 16:31:32,ALLPAIRS-Feb2025.mat,foundation_v2_label_safe,paper/run_01_manifest.m,WT_WT,WT_WT,WT_WT,WT Pair,WT Pair,freely_moving_dyad,freely_moving_dyad,Freely moving dyad,WT Pair,Big arena,Freely moving dyad,None,None,cohort1,Cohort 1 big arena WT Pair,C1,cohort1:WT_WT,C1 WT Pair,user_2026_06_25,,block1_big_free_dyad_primary,Block 1 big arena primary dyads,1,0,1,0,0,0,big:WT_WT,Big arena WT Pair,cohort1|big|WT_WT,Cohort 1 big arena WT Pair,C1 big WT Pair,1
29,session_0029.mat,session_0029.mat,session_0029.mat,files2run,session_0013,0013,WT_WT,WT,freely_moving_dyad,none,none,0,B,big,1;1,WT,WT,,2,2,1;2,1;1,ok,,95998,13,2,1,95998x13x2,0,0,27892187,1,1,,1,1,,04-Jun-2026 16:31:32,ALLPAIRS-Feb2025.mat,foundation_v2_label_safe,paper/run_01_manifest.m,WT_WT,WT_WT,WT_WT,WT Pair,WT Pair,freely_moving_dyad,freely_moving_dyad,Freely moving dyad,WT Pair,Big arena,Freely moving dyad,None,None,cohort1,Cohort 1 big arena WT Pair,C1,cohort1:WT_WT,C1 WT Pair,user_2026_06_25,,block1_big_free_dyad_primary,Block 1 big arena primary dyads,1,0,1,0,0,0,big:WT_WT,Big arena WT Pair,cohort1|big|WT_WT,Cohort 1 big arena WT Pair,C1 big WT Pair,1
30,session_0030.mat,session_0030.mat,session_0030.mat,files2run,session_0014,0014,WT_WT,WT,freely_moving_dyad,none,none,0,B,big,1;1,WT,WT,,2,2,1;2,0.9998;1,ok,,95998,13,2,1,95998x13x2,0,0,27918412,1,1,,1,1,,04-Jun-2026 16:31:34,ALLPAIRS-Feb2025.mat,foundation_v2_label_safe,paper/run_01_manifest.m,WT_WT,WT_WT,WT_WT,WT Pair,WT Pair,freely_moving_dyad,freely_moving_dyad,Freely moving dyad,WT Pair,Big arena,Freely moving dyad,None,None,cohort1,Cohort 1 big arena WT Pair,C1,cohort1:WT_WT,C1 WT Pair,user_2026_06_25,,block1_big_free_dyad_primary,Block 1 big arena primary dyads,1,0,1,0,0,0,big:WT_WT,Big arena WT Pair,cohort1|big|WT_WT,Cohort 1 big arena WT Pair,C1 big WT Pair,1
31,session_0031.mat,session_0031.mat,session_0031.mat,files2run,session_0034,0034,WT_WT,WT,freely_moving_dyad,none,none,0,B,big,1;1,WT,WT,,2,2,1;2,0.9952;0.9999,ok,,95998,13,2,1,95998x13x2,0,0,26510315,1,1,,1,1,,04-Jun-2026 16:31:33,ALLPAIRS-Feb2025.mat,foundation_v2_label_safe,paper/run_01_manifest.m,WT_WT,WT_WT,WT_WT,WT Pair,WT Pair,freely_moving_dyad,freely_moving_dyad,Freely moving dyad,WT Pair,Big arena,Freely moving dyad,None,None,cohort1,Cohort 1 big arena WT Pair,C1,cohort1:WT_WT,C1 WT Pair,user_2026_06_25,,block1_big_free_dyad_primary,Block 1 big arena primary dyads,1,0,1,0,0,0,big:WT_WT,Big arena WT Pair,cohort1|big|WT_WT,Cohort 1 big arena WT Pair,C1 big WT Pair,1
32,session_0032.mat,session_0032.mat,session_0032.mat,files2run,session_0029,0029,M_WT,MUT,freely_moving_dyad,none,none,0,B,big,2;1,MUT,WT,,2,2,1;2,0.9938;0.9999,ok,,95998,13,2,1,95998x13x2,0,0,27293480,1,1,,1,1,,04-Jun-2026 16:31:35,ALLPAIRS-Feb2025.mat,foundation_v2_label_safe,paper/run_01_manifest.m,M_WT,M_WT,M_WT,Mixed Pair,Mixed Pair,freely_moving_dyad,freely_moving_dyad,Freely moving dyad,Mixed Pair,Big arena,Freely moving dyad,None,None,cohort1,Cohort 1 big arena Mixed Pair,C1,cohort1:M_WT,C1 Mixed Pair,user_2026_06_25,,block1_big_free_dyad_primary,Block 1 big arena primary dyads,1,0,0,0,0,0,big:M_WT,Big arena Mixed Pair,cohort1|big|M_WT,Cohort 1 big arena Mixed Pair,C1 big Mixed Pair,1
33,session_0033.mat,session_0033.mat,session_0033.mat,files2run,session_0031,0031,M_WT,MUT,freely_moving_dyad,none,none,0,B,big,2;1,MUT,WT,,2,2,1;2,0.9996;0.999,ok,,95998,13,2,1,95998x13x2,0,0,25947318,1,1,,1,1,,04-Jun-2026 16:31:35,ALLPAIRS-Feb2025.mat,foundation_v2_label_safe,paper/run_01_manifest.m,M_WT,M_WT,M_WT,Mixed Pair,Mixed Pair,freely_moving_dyad,freely_moving_dyad,Freely moving dyad,Mixed Pair,Big arena,Freely moving dyad,None,None,cohort1,Cohort 1 big arena Mixed Pair,C1,cohort1:M_WT,C1 Mixed Pair,user_2026_06_25,,block1_big_free_dyad_primary,Block 1 big arena primary dyads,1,0,0,0,0,0,big:M_WT,Big arena Mixed Pair,cohort1|big|M_WT,Cohort 1 big arena Mixed Pair,C1 big Mixed Pair,1
34,session_0034.mat,session_0034.mat,session_0034.mat,files2run,session_0033,0033,M_WT,MUT,freely_moving_dyad,none,none,0,B,big,2;1,MUT,WT,,2,2,1;2,0.9989;0.9984,ok,,95998,13,2,1,95998x13x2,0,0,27092010,1,1,,1,1,,04-Jun-2026 16:31:36,ALLPAIRS-Feb2025.mat,foundation_v2_label_safe,paper/run_01_manifest.m,M_WT,M_WT,M_WT,Mixed Pair,Mixed Pair,freely_moving_dyad,freely_moving_dyad,Freely moving dyad,Mixed Pair,Big arena,Freely moving dyad,None,None,cohort1,Cohort 1 big arena Mixed Pair,C1,cohort1:M_WT,C1 Mixed Pair,user_2026_06_25,,block1_big_free_dyad_primary,Block 1 big arena primary dyads,1,0,0,0,0,0,big:M_WT,Big arena Mixed Pair,cohort1|big|M_WT,Cohort 1 big arena Mixed Pair,C1 big Mixed Pair,1
35,session_0035.mat,session_0035.mat,session_0035.mat,files2run,session_0037,0037,M_WT,MUT,freely_moving_dyad,none,none,0,B,big,2;1,MUT,WT,,2,2,1;2,0.997;0.9985,ok,,95998,13,2,1,95998x13x2,0,0,27387577,1,1,,1,1,,04-Jun-2026 16:31:36,ALLPAIRS-Feb2025.mat,foundation_v2_label_safe,paper/run_01_manifest.m,M_WT,M_WT,M_WT,Mixed Pair,Mixed Pair,freely_moving_dyad,freely_moving_dyad,Freely moving dyad,Mixed Pair,Big arena,Freely moving dyad,None,None,cohort1,Cohort 1 big arena Mixed Pair,C1,cohort1:M_WT,C1 Mixed Pair,user_2026_06_25,,block1_big_free_dyad_primary,Block 1 big arena primary dyads,1,0,0,0,0,0,big:M_WT,Big arena Mixed Pair,cohort1|big|M_WT,Cohort 1 big arena Mixed Pair,C1 big Mixed Pair,1
36,session_0036.mat,session_0036.mat,session_0036.mat,files2run,session_0038,0038,M_WT,MUT,freely_moving_dyad,none,none,0,B,big,2;1,MUT,WT,,2,2,1;2,0.9369;0.9954,ok,,95998,13,2,1,95998x13x2,0,0,26539795,1,1,,1,1,,04-Jun-2026 16:31:37,ALLPAIRS-Feb2025.mat,foundation_v2_label_safe,paper/run_01_manifest.m,M_WT,M_WT,M_WT,Mixed Pair,Mixed Pair,freely_moving_dyad,freely_moving_dyad,Freely moving dyad,Mixed Pair,Big arena,Freely moving dyad,None,None,cohort1,Cohort 1 big arena Mixed Pair,C1,cohort1:M_WT,C1 Mixed Pair,user_2026_06_25,,block1_big_free_dyad_primary,Block 1 big arena primary dyads,1,0,0,0,0,0,big:M_WT,Big arena Mixed Pair,cohort1|big|M_WT,Cohort 1 big arena Mixed Pair,C1 big Mixed Pair,1
37,session_0037.mat,session_0037.mat,session_0037.mat,files2run,session_0039,0039,M_WT,MUT,freely_moving_dyad,none,none,0,B,big,2;1,MUT,WT,,2,2,1;2,0.9929;0.9977,ok,,95998,13,2,1,95998x13x2,0,0,26118558,1,1,,1,1,,04-Jun-2026 16:31:37,ALLPAIRS-Feb2025.mat,foundation_v2_label_safe,paper/run_01_manifest.m,M_WT,M_WT,M_WT,Mixed Pair,Mixed Pair,freely_moving_dyad,freely_moving_dyad,Freely moving dyad,Mixed Pair,Big arena,Freely moving dyad,None,None,cohort1,Cohort 1 big arena Mixed Pair,C1,cohort1:M_WT,C1 Mixed Pair,user_2026_06_25,,block1_big_free_dyad_primary,Block 1 big arena primary dyads,1,0,0,0,0,0,big:M_WT,Big arena Mixed Pair,cohort1|big|M_WT,Cohort 1 big arena Mixed Pair,C1 big Mixed Pair,1
38,session_0038.mat,session_0038.mat,session_0038.mat,files2run,session_0042,0042,M_WT,MUT,freely_moving_dyad,none,none,0,B,big,2;1,MUT,WT,,2,2,1;2,0.9994;0.9965,ok,,95998,13,2,1,95998x13x2,0,0,27320516,1,1,,1,1,,04-Jun-2026 16:31:38,ALLPAIRS-Feb2025.mat,foundation_v2_label_safe,paper/run_01_manifest.m,M_WT,M_WT,M_WT,Mixed Pair,Mixed Pair,freely_moving_dyad,freely_moving_dyad,Freely moving dyad,Mixed Pair,Big arena,Freely moving dyad,None,None,cohort1,Cohort 1 big arena Mixed Pair,C1,cohort1:M_WT,C1 Mixed Pair,user_2026_06_25,,block1_big_free_dyad_primary,Block 1 big arena primary dyads,1,0,0,0,0,0,big:M_WT,Big arena Mixed Pair,cohort1|big|M_WT,Cohort 1 big arena Mixed Pair,C1 big Mixed Pair,1
39,session_0039.mat,session_0039.mat,session_0039.mat,files2run,session_0044,0044,M_WT,MUT,freely_moving_dyad,none,none,0,B,big,2;1,MUT,WT,,2,2,1;2,0.9997;0.9989,ok,,95998,13,2,1,95998x13x2,0,0,26435659,1,1,,1,1,,04-Jun-2026 16:31:39,ALLPAIRS-Feb2025.mat,foundation_v2_label_safe,paper/run_01_manifest.m,M_WT,M_WT,M_WT,Mixed Pair,Mixed Pair,freely_moving_dyad,freely_moving_dyad,Freely moving dyad,Mixed Pair,Big arena,Freely moving dyad,None,None,cohort1,Cohort 1 big arena Mixed Pair,C1,cohort1:M_WT,C1 Mixed Pair,user_2026_06_25,,block1_big_free_dyad_primary,Block 1 big arena primary dyads,1,0,0,0,0,0,big:M_WT,Big arena Mixed Pair,cohort1|big|M_WT,Cohort 1 big arena Mixed Pair,C1 big Mixed Pair,1
40,session_0040.mat,session_0040.mat,session_0040.mat,files2run,session_0046,0046,M_WT,MUT,freely_moving_dyad,none,none,0,B,big,2;1,MUT,WT,,2,2,1;2,0.9956;0.9984,ok,,95998,13,2,1,95998x13x2,0,0,27386528,1,1,,1,1,,04-Jun-2026 16:31:39,ALLPAIRS-Feb2025.mat,foundation_v2_label_safe,paper/run_01_manifest.m,M_WT,M_WT,M_WT,Mixed Pair,Mixed Pair,freely_moving_dyad,freely_moving_dyad,Freely moving dyad,Mixed Pair,Big arena,Freely moving dyad,None,None,cohort1,Cohort 1 big arena Mixed Pair,C1,cohort1:M_WT,C1 Mixed Pair,user_2026_06_25,,block1_big_free_dyad_primary,Block 1 big arena primary dyads,1,0,0,0,0,0,big:M_WT,Big arena Mixed Pair,cohort1|big|M_WT,Cohort 1 big arena Mixed Pair,C1 big Mixed Pair,1
41,session_0041.mat,session_0041.mat,session_0041.mat,files2run,session_0048,0048,M_WT,MUT,freely_moving_dyad,none,none,0,B,big,2;1,MUT,WT,,2,2,1;2,0.9993;0.9972,ok,,95998,13,2,1,95998x13x2,0,0,26675102,1,1,,1,1,,04-Jun-2026 16:31:40,ALLPAIRS-Feb2025.mat,foundation_v2_label_safe,paper/run_01_manifest.m,M_WT,M_WT,M_WT,Mixed Pair,Mixed Pair,freely_moving_dyad,freely_moving_dyad,Freely moving dyad,Mixed Pair,Big arena,Freely moving dyad,None,None,cohort1,Cohort 1 big arena Mixed Pair,C1,cohort1:M_WT,C1 Mixed Pair,user_2026_06_25,,block1_big_free_dyad_primary,Block 1 big arena primary dyads,1,0,0,0,0,0,big:M_WT,Big arena Mixed Pair,cohort1|big|M_WT,Cohort 1 big arena Mixed Pair,C1 big Mixed Pair,1
42,session_0042.mat,session_0042.mat,session_0042.mat,files2run,session_0027,0027,M_M,MUT,freely_moving_dyad,none,none,0,B,big,2;2,MUT,MUT,,2,2,1;2,0.9433;0.9083,ok,,95998,13,2,1,95998x13x2,0,0,24285141,1,1,,1,1,,04-Jun-2026 16:31:40,ALLPAIRS-Feb2025.mat,foundation_v2_label_safe,paper/run_01_manifest.m,M_M,M_M,M_M,Mut Pair,Mut Pair,freely_moving_dyad,freely_moving_dyad,Freely moving dyad,Mut Pair,Big arena,Freely moving dyad,None,None,cohort1,Cohort 1 big arena Mut Pair,C1,cohort1:M_M,C1 Mut Pair,user_2026_06_25,,block1_big_free_dyad_primary,Block 1 big arena primary dyads,1,0,0,0,0,0,big:M_M,Big arena Mut Pair,cohort1|big|M_M,Cohort 1 big arena Mut Pair,C1 big Mut Pair,1
43,session_0043.mat,session_0043.mat,session_0043.mat,files2run,session_0028,0028,M_M,MUT,freely_moving_dyad,none,none,0,B,big,2;2,MUT,MUT,,2,2,1;2,0.9921;0.9999,ok,,95998,13,2,1,95998x13x2,0,0,25982942,1,1,,1,1,,04-Jun-2026 16:31:40,ALLPAIRS-Feb2025.mat,foundation_v2_label_safe,paper/run_01_manifest.m,M_M,M_M,M_M,Mut Pair,Mut Pair,freely_moving_dyad,freely_moving_dyad,Freely moving dyad,Mut Pair,Big arena,Freely moving dyad,None,None,cohort1,Cohort 1 big arena Mut Pair,C1,cohort1:M_M,C1 Mut Pair,user_2026_06_25,,block1_big_free_dyad_primary,Block 1 big arena primary dyads,1,0,0,0,0,0,big:M_M,Big arena Mut Pair,cohort1|big|M_M,Cohort 1 big arena Mut Pair,C1 big Mut Pair,1
44,session_0044.mat,session_0044.mat,session_0044.mat,files2run,session_0030,0030,M_M,MUT,freely_moving_dyad,none,none,0,B,big,2;2,MUT,MUT,,2,2,1;2,0.9858;0.9997,ok,,95998,13,2,1,95998x13x2,0,0,25804515,1,1,,1,1,,04-Jun-2026 16:31:42,ALLPAIRS-Feb2025.mat,foundation_v2_label_safe,paper/run_01_manifest.m,M_M,M_M,M_M,Mut Pair,Mut Pair,freely_moving_dyad,freely_moving_dyad,Freely moving dyad,Mut Pair,Big arena,Freely moving dyad,None,None,cohort1,Cohort 1 big arena Mut Pair,C1,cohort1:M_M,C1 Mut Pair,user_2026_06_25,,block1_big_free_dyad_primary,Block 1 big arena primary dyads,1,0,0,0,0,0,big:M_M,Big arena Mut Pair,cohort1|big|M_M,Cohort 1 big arena Mut Pair,C1 big Mut Pair,1
45,session_0045.mat,session_0045.mat,session_0045.mat,files2run,session_0032,0032,M_M,MUT,freely_moving_dyad,none,none,0,B,big,2;2,MUT,MUT,,2,2,1;2,0.9998;1,ok,,95998,13,2,1,95998x13x2,0,0,27456384,1,1,,1,1,,04-Jun-2026 16:31:41,ALLPAIRS-Feb2025.mat,foundation_v2_label_safe,paper/run_01_manifest.m,M_M,M_M,M_M,Mut Pair,Mut Pair,freely_moving_dyad,freely_moving_dyad,Freely moving dyad,Mut Pair,Big arena,Freely moving dyad,None,None,cohort1,Cohort 1 big arena Mut Pair,C1,cohort1:M_M,C1 Mut Pair,user_2026_06_25,,block1_big_free_dyad_primary,Block 1 big arena primary dyads,1,0,0,0,0,0,big:M_M,Big arena Mut Pair,cohort1|big|M_M,Cohort 1 big arena Mut Pair,C1 big Mut Pair,1
46,session_0046.mat,session_0046.mat,session_0046.mat,files2run,session_0035,0035,M_M,MUT,freely_moving_dyad,none,none,0,B,big,2;2,MUT,MUT,,2,2,1;2,0.9974;0.9847,ok,,95998,13,2,1,95998x13x2,0,0,26989484,1,1,,1,1,,04-Jun-2026 16:31:42,ALLPAIRS-Feb2025.mat,foundation_v2_label_safe,paper/run_01_manifest.m,M_M,M_M,M_M,Mut Pair,Mut Pair,freely_moving_dyad,freely_moving_dyad,Freely moving dyad,Mut Pair,Big arena,Freely moving dyad,None,None,cohort1,Cohort 1 big arena Mut Pair,C1,cohort1:M_M,C1 Mut Pair,user_2026_06_25,,block1_big_free_dyad_primary,Block 1 big arena primary dyads,1,0,0,0,0,0,big:M_M,Big arena Mut Pair,cohort1|big|M_M,Cohort 1 big arena Mut Pair,C1 big Mut Pair,1
47,session_0047.mat,session_0047.mat,session_0047.mat,files2run,session_0036,0036,M_M,MUT,freely_moving_dyad,none,none,0,B,big,2;2,MUT,MUT,,2,2,1;2,0.9996;0.9949,ok,,95998,13,2,1,95998x13x2,0,0,27087266,1,1,,1,1,,04-Jun-2026 16:31:43,ALLPAIRS-Feb2025.mat,foundation_v2_label_safe,paper/run_01_manifest.m,M_M,M_M,M_M,Mut Pair,Mut Pair,freely_moving_dyad,freely_moving_dyad,Freely moving dyad,Mut Pair,Big arena,Freely moving dyad,None,None,cohort1,Cohort 1 big arena Mut Pair,C1,cohort1:M_M,C1 Mut Pair,user_2026_06_25,,block1_big_free_dyad_primary,Block 1 big arena primary dyads,1,0,0,0,0,0,big:M_M,Big arena Mut Pair,cohort1|big|M_M,Cohort 1 big arena Mut Pair,C1 big Mut Pair,1
48,session_0048.mat,session_0048.mat,session_0048.mat,files2run,session_0040,0040,M_M,MUT,freely_moving_dyad,none,none,0,B,big,2;2,MUT,MUT,,2,2,1;2,0.9984;0.9997,ok,,95998,13,2,1,95998x13x2,0,0,27384261,1,1,,1,1,,04-Jun-2026 16:31:43,ALLPAIRS-Feb2025.mat,foundation_v2_label_safe,paper/run_01_manifest.m,M_M,M_M,M_M,Mut Pair,Mut Pair,freely_moving_dyad,freely_moving_dyad,Freely moving dyad,Mut Pair,Big arena,Freely moving dyad,None,None,cohort1,Cohort 1 big arena Mut Pair,C1,cohort1:M_M,C1 Mut Pair,user_2026_06_25,,block1_big_free_dyad_primary,Block 1 big arena primary dyads,1,0,0,0,0,0,big:M_M,Big arena Mut Pair,cohort1|big|M_M,Cohort 1 big arena Mut Pair,C1 big Mut Pair,1
49,session_0049.mat,session_0049.mat,session_0049.mat,files2run,session_0041,0041,M_M,MUT,freely_moving_dyad,none,none,0,B,big,2;2,MUT,MUT,,2,2,1;2,0.9991;0.9997,ok,,95998,13,2,1,95998x13x2,0,0,27264620,1,1,,1,1,,04-Jun-2026 16:31:44,ALLPAIRS-Feb2025.mat,foundation_v2_label_safe,paper/run_01_manifest.m,M_M,M_M,M_M,Mut Pair,Mut Pair,freely_moving_dyad,freely_moving_dyad,Freely moving dyad,Mut Pair,Big arena,Freely moving dyad,None,None,cohort1,Cohort 1 big arena Mut Pair,C1,cohort1:M_M,C1 Mut Pair,user_2026_06_25,,block1_big_free_dyad_primary,Block 1 big arena primary dyads,1,0,0,0,0,0,big:M_M,Big arena Mut Pair,cohort1|big|M_M,Cohort 1 big arena Mut Pair,C1 big Mut Pair,1
50,session_0050.mat,session_0050.mat,session_0050.mat,files2run,session_0043,0043,M_M,MUT,freely_moving_dyad,none,none,0,B,big,2;2,MUT,MUT,,2,2,1;2,0.9995;0.999,ok,,95998,13,2,1,95998x13x2,0,0,27070145,1,1,,1,1,,04-Jun-2026 16:31:45,ALLPAIRS-Feb2025.mat,foundation_v2_label_safe,paper/run_01_manifest.m,M_M,M_M,M_M,Mut Pair,Mut Pair,freely_moving_dyad,freely_moving_dyad,Freely moving dyad,Mut Pair,Big arena,Freely moving dyad,None,None,cohort1,Cohort 1 big arena Mut Pair,C1,cohort1:M_M,C1 Mut Pair,user_2026_06_25,,block1_big_free_dyad_primary,Block 1 big arena primary dyads,1,0,0,0,0,0,big:M_M,Big arena Mut Pair,cohort1|big|M_M,Cohort 1 big arena Mut Pair,C1 big Mut Pair,1
51,session_0051.mat,session_0051.mat,session_0051.mat,files2run,session_0045,0045,M_M,MUT,freely_moving_dyad,none,none,0,B,big,2;2,MUT,MUT,,2,2,1;2,0.9999;0.9932,ok,,95998,13,2,1,95998x13x2,0,0,26002995,1,1,,1,1,,04-Jun-2026 16:31:45,ALLPAIRS-Feb2025.mat,foundation_v2_label_safe,paper/run_01_manifest.m,M_M,M_M,M_M,Mut Pair,Mut Pair,freely_moving_dyad,freely_moving_dyad,Freely moving dyad,Mut Pair,Big arena,Freely moving dyad,None,None,cohort1,Cohort 1 big arena Mut Pair,C1,cohort1:M_M,C1 Mut Pair,user_2026_06_25,,block1_big_free_dyad_primary,Block 1 big arena primary dyads,1,0,0,0,0,0,big:M_M,Big arena Mut Pair,cohort1|big|M_M,Cohort 1 big arena Mut Pair,C1 big Mut Pair,1
52,session_0052.mat,session_0052.mat,session_0052.mat,files2run,session_0047,0047,M_M,MUT,freely_moving_dyad,none,none,0,B,big,2;2,MUT,MUT,,2,2,1;2,0.9959;0.9974,ok,,95998,13,2,1,95998x13x2,0,0,27417469,1,1,,1,1,,04-Jun-2026 16:31:46,ALLPAIRS-Feb2025.mat,foundation_v2_label_safe,paper/run_01_manifest.m,M_M,M_M,M_M,Mut Pair,Mut Pair,freely_moving_dyad,freely_moving_dyad,Freely moving dyad,Mut Pair,Big arena,Freely moving dyad,None,None,cohort1,Cohort 1 big arena Mut Pair,C1,cohort1:M_M,C1 Mut Pair,user_2026_06_25,,block1_big_free_dyad_primary,Block 1 big arena primary dyads,1,0,0,0,0,0,big:M_M,Big arena Mut Pair,cohort1|big|M_M,Cohort 1 big arena Mut Pair,C1 big Mut Pair,1
53,session_0053.mat,session_0053.mat,session_0053.mat,files2run,session_0049,0049,M_A,MUT,anesthetized_partner,none,none,0,B,big,2;0,MUT,ANES,,2,2,1;2,0.9934;0.9998,ok,,95998,13,2,1,95998x13x2,0,0,24673953,0,0,anesthetized_center_special_egocentric_context,1,1,,04-Jun-2026 16:31:46,ALLPAIRS-Feb2025.mat,foundation_v2_label_safe,paper/run_01_manifest.m,M_A,M_A,M_A,Mut + anesthetized center,Mut + anesthetized center,anesthetized_center,anesthetized_center,Anesthetized center,Mut + Anesthetized center,Big arena,Anesthetized partner,None,None,cohort1,Cohort 1 big arena Mut with anesthetized center,C1,cohort1:M_A,C1 Mut + anesthetized center,user_2026_06_25,reserved for special egocentric/social-context analyses,anesthetized_center_context,Anesthetized center context,0,0,0,1,0,0,big:M_A,Big arena Mut + anesthetized center,cohort1|big|M_A,Cohort 1 big arena Mut with anesthetized center,C1 big Mut + anesthetized center,1
54,session_0054.mat,session_0054.mat,session_0054.mat,files2run,session_0051,0051,M_A,MUT,anesthetized_partner,none,none,0,B,big,2;0,MUT,ANES,,2,2,1;2,0.9997;0.9994,ok,,95998,13,2,1,95998x13x2,0,0,24486509,0,0,anesthetized_center_special_egocentric_context,1,1,,04-Jun-2026 16:31:46,ALLPAIRS-Feb2025.mat,foundation_v2_label_safe,paper/run_01_manifest.m,M_A,M_A,M_A,Mut + anesthetized center,Mut + anesthetized center,anesthetized_center,anesthetized_center,Anesthetized center,Mut + Anesthetized center,Big arena,Anesthetized partner,None,None,cohort1,Cohort 1 big arena Mut with anesthetized center,C1,cohort1:M_A,C1 Mut + anesthetized center,user_2026_06_25,reserved for special egocentric/social-context analyses,anesthetized_center_context,Anesthetized center context,0,0,0,1,0,0,big:M_A,Big arena Mut + anesthetized center,cohort1|big|M_A,Cohort 1 big arena Mut with anesthetized center,C1 big Mut + anesthetized center,1
55,session_0055.mat,session_0055.mat,session_0055.mat,files2run,session_0052,0052,M_A,MUT,anesthetized_partner,none,none,0,B,big,2;0,MUT,ANES,,2,2,1;2,0.9969;0.9999,ok,,95998,13,2,1,95998x13x2,0,0,25085987,0,0,anesthetized_center_special_egocentric_context,1,1,,04-Jun-2026 16:31:47,ALLPAIRS-Feb2025.mat,foundation_v2_label_safe,paper/run_01_manifest.m,M_A,M_A,M_A,Mut + anesthetized center,Mut + anesthetized center,anesthetized_center,anesthetized_center,Anesthetized center,Mut + Anesthetized center,Big arena,Anesthetized partner,None,None,cohort1,Cohort 1 big arena Mut with anesthetized center,C1,cohort1:M_A,C1 Mut + anesthetized center,user_2026_06_25,reserved for special egocentric/social-context analyses,anesthetized_center_context,Anesthetized center context,0,0,0,1,0,0,big:M_A,Big arena Mut + anesthetized center,cohort1|big|M_A,Cohort 1 big arena Mut with anesthetized center,C1 big Mut + anesthetized center,1
56,session_0056.mat,session_0056.mat,session_0056.mat,files2run,session_0053,0053,M_A,MUT,anesthetized_partner,none,none,0,B,big,2;0,MUT,ANES,,2,2,1;2,0.9995;0.9984,ok,,95998,13,2,1,95998x13x2,0,0,24709007,0,0,anesthetized_center_special_egocentric_context,1,1,,04-Jun-2026 16:31:48,ALLPAIRS-Feb2025.mat,foundation_v2_label_safe,paper/run_01_manifest.m,M_A,M_A,M_A,Mut + anesthetized center,Mut + anesthetized center,anesthetized_center,anesthetized_center,Anesthetized center,Mut + Anesthetized center,Big arena,Anesthetized partner,None,None,cohort1,Cohort 1 big arena Mut with anesthetized center,C1,cohort1:M_A,C1 Mut + anesthetized center,user_2026_06_25,reserved for special egocentric/social-context analyses,anesthetized_center_context,Anesthetized center context,0,0,0,1,0,0,big:M_A,Big arena Mut + anesthetized center,cohort1|big|M_A,Cohort 1 big arena Mut with anesthetized center,C1 big Mut + anesthetized center,1
57,session_0057.mat,session_0057.mat,session_0057.mat,files2run,session_0054,0054,M_A,MUT,anesthetized_partner,none,none,0,B,big,2;0,MUT,ANES,,2,2,1;2,0.9992;0.9979,ok,,95998,13,2,1,95998x13x2,0,0,25118635,0,0,anesthetized_center_special_egocentric_context,1,1,,04-Jun-2026 16:31:48,ALLPAIRS-Feb2025.mat,foundation_v2_label_safe,paper/run_01_manifest.m,M_A,M_A,M_A,Mut + anesthetized center,Mut + anesthetized center,anesthetized_center,anesthetized_center,Anesthetized center,Mut + Anesthetized center,Big arena,Anesthetized partner,None,None,cohort1,Cohort 1 big arena Mut with anesthetized center,C1,cohort1:M_A,C1 Mut + anesthetized center,user_2026_06_25,reserved for special egocentric/social-context analyses,anesthetized_center_context,Anesthetized center context,0,0,0,1,0,0,big:M_A,Big arena Mut + anesthetized center,cohort1|big|M_A,Cohort 1 big arena Mut with anesthetized center,C1 big Mut + anesthetized center,1
58,session_0058.mat,session_0058.mat,session_0058.mat,files2run,session_0055,0055,M_A,MUT,anesthetized_partner,none,none,0,B,big,2;0,MUT,ANES,,2,2,1;2,0.9996;0.9995,ok,,95998,13,2,1,95998x13x2,0,0,24155223,0,0,anesthetized_center_special_egocentric_context,1,1,,04-Jun-2026 16:31:49,ALLPAIRS-Feb2025.mat,foundation_v2_label_safe,paper/run_01_manifest.m,M_A,M_A,M_A,Mut + anesthetized center,Mut + anesthetized center,anesthetized_center,anesthetized_center,Anesthetized center,Mut + Anesthetized center,Big arena,Anesthetized partner,None,None,cohort1,Cohort 1 big arena Mut with anesthetized center,C1,cohort1:M_A,C1 Mut + anesthetized center,user_2026_06_25,reserved for special egocentric/social-context analyses,anesthetized_center_context,Anesthetized center context,0,0,0,1,0,0,big:M_A,Big arena Mut + anesthetized center,cohort1|big|M_A,Cohort 1 big arena Mut with anesthetized center,C1 big Mut + anesthetized center,1
59,session_0059.mat,session_0059.mat,session_0059.mat,files2run,session_0056,0056,M_A,MUT,anesthetized_partner,none,none,0,B,big,2;0,MUT,ANES,,2,2,1;2,0.9996;0.9907,ok,,95998,13,2,1,95998x13x2,0,0,25120211,0,0,anesthetized_center_special_egocentric_context,1,1,,04-Jun-2026 16:31:49,ALLPAIRS-Feb2025.mat,foundation_v2_label_safe,paper/run_01_manifest.m,M_A,M_A,M_A,Mut + anesthetized center,Mut + anesthetized center,anesthetized_center,anesthetized_center,Anesthetized center,Mut + Anesthetized center,Big arena,Anesthetized partner,None,None,cohort1,Cohort 1 big arena Mut with anesthetized center,C1,cohort1:M_A,C1 Mut + anesthetized center,user_2026_06_25,reserved for special egocentric/social-context analyses,anesthetized_center_context,Anesthetized center context,0,0,0,1,0,0,big:M_A,Big arena Mut + anesthetized center,cohort1|big|M_A,Cohort 1 big arena Mut with anesthetized center,C1 big Mut + anesthetized center,1
60,session_0060.mat,session_0060.mat,session_0060.mat,files2run,session_0057,0057,M_A,MUT,anesthetized_partner,none,none,0,B,big,2;0,MUT,ANES,,2,2,1;2,0.9994;0.9975,ok,,95998,13,2,1,95998x13x2,0,0,24992092,0,0,anesthetized_center_special_egocentric_context,1,1,,04-Jun-2026 16:31:50,ALLPAIRS-Feb2025.mat,foundation_v2_label_safe,paper/run_01_manifest.m,M_A,M_A,M_A,Mut + anesthetized center,Mut + anesthetized center,anesthetized_center,anesthetized_center,Anesthetized center,Mut + Anesthetized center,Big arena,Anesthetized partner,None,None,cohort1,Cohort 1 big arena Mut with anesthetized center,C1,cohort1:M_A,C1 Mut + anesthetized center,user_2026_06_25,reserved for special egocentric/social-context analyses,anesthetized_center_context,Anesthetized center context,0,0,0,1,0,0,big:M_A,Big arena Mut + anesthetized center,cohort1|big|M_A,Cohort 1 big arena Mut with anesthetized center,C1 big Mut + anesthetized center,1
61,session_0061.mat,session_0061.mat,session_0061.mat,files2run,session_0058,0058,M_A,MUT,anesthetized_partner,none,none,0,B,big,2;0,MUT,ANES,,2,2,1;2,0.9982;0.999,ok,,95998,13,2,1,95998x13x2,0,0,23841206,0,0,anesthetized_center_special_egocentric_context,1,1,,04-Jun-2026 16:31:50,ALLPAIRS-Feb2025.mat,foundation_v2_label_safe,paper/run_01_manifest.m,M_A,M_A,M_A,Mut + anesthetized center,Mut + anesthetized center,anesthetized_center,anesthetized_center,Anesthetized center,Mut + Anesthetized center,Big arena,Anesthetized partner,None,None,cohort1,Cohort 1 big arena Mut with anesthetized center,C1,cohort1:M_A,C1 Mut + anesthetized center,user_2026_06_25,reserved for special egocentric/social-context analyses,anesthetized_center_context,Anesthetized center context,0,0,0,1,0,0,big:M_A,Big arena Mut + anesthetized center,cohort1|big|M_A,Cohort 1 big arena Mut with anesthetized center,C1 big Mut + anesthetized center,1
62,session_0062.mat,session_0062.mat,session_0062.mat,files2run,session_0059,0059,M_A,MUT,anesthetized_partner,none,none,0,B,big,2;0,MUT,ANES,,2,2,1;2,0.9998;0.9952,ok,,95998,13,2,1,95998x13x2,0,0,25423144,0,0,anesthetized_center_special_egocentric_context,1,1,,04-Jun-2026 16:31:51,ALLPAIRS-Feb2025.mat,foundation_v2_label_safe,paper/run_01_manifest.m,M_A,M_A,M_A,Mut + anesthetized center,Mut + anesthetized center,anesthetized_center,anesthetized_center,Anesthetized center,Mut + Anesthetized center,Big arena,Anesthetized partner,None,None,cohort1,Cohort 1 big arena Mut with anesthetized center,C1,cohort1:M_A,C1 Mut + anesthetized center,user_2026_06_25,reserved for special egocentric/social-context analyses,anesthetized_center_context,Anesthetized center context,0,0,0,1,0,0,big:M_A,Big arena Mut + anesthetized center,cohort1|big|M_A,Cohort 1 big arena Mut with anesthetized center,C1 big Mut + anesthetized center,1
63,session_0063.mat,session_0063.mat,session_0063.mat,files2run,session_0060,0060,M_A,MUT,anesthetized_partner,none,none,0,B,big,2;0,MUT,ANES,,2,2,1;2,0.9859;0.9943,ok,,95998,13,2,1,95998x13x2,0,0,24652286,0,0,anesthetized_center_special_egocentric_context,1,1,,04-Jun-2026 16:31:51,ALLPAIRS-Feb2025.mat,foundation_v2_label_safe,paper/run_01_manifest.m,M_A,M_A,M_A,Mut + anesthetized center,Mut + anesthetized center,anesthetized_center,anesthetized_center,Anesthetized center,Mut + Anesthetized center,Big arena,Anesthetized partner,None,None,cohort1,Cohort 1 big arena Mut with anesthetized center,C1,cohort1:M_A,C1 Mut + anesthetized center,user_2026_06_25,reserved for special egocentric/social-context analyses,anesthetized_center_context,Anesthetized center context,0,0,0,1,0,0,big:M_A,Big arena Mut + anesthetized center,cohort1|big|M_A,Cohort 1 big arena Mut with anesthetized center,C1 big Mut + anesthetized center,1
64,session_0064.mat,session_0064.mat,session_0064.mat,files2run,session_0061,0061,M_A,MUT,anesthetized_partner,none,none,0,B,big,2;0,MUT,ANES,,2,2,1;2,0.9987;0.9992,ok,,95998,13,2,1,95998x13x2,0,0,24651027,0,0,anesthetized_center_special_egocentric_context,1,1,,04-Jun-2026 16:31:51,ALLPAIRS-Feb2025.mat,foundation_v2_label_safe,paper/run_01_manifest.m,M_A,M_A,M_A,Mut + anesthetized center,Mut + anesthetized center,anesthetized_center,anesthetized_center,Anesthetized center,Mut + Anesthetized center,Big arena,Anesthetized partner,None,None,cohort1,Cohort 1 big arena Mut with anesthetized center,C1,cohort1:M_A,C1 Mut + anesthetized center,user_2026_06_25,reserved for special egocentric/social-context analyses,anesthetized_center_context,Anesthetized center context,0,0,0,1,0,0,big:M_A,Big arena Mut + anesthetized center,cohort1|big|M_A,Cohort 1 big arena Mut with anesthetized center,C1 big Mut + anesthetized center,1
65,session_0065.mat,session_0065.mat,session_0065.mat,files2run,session_0062,0062,M_A,MUT,anesthetized_partner,none,none,0,B,big,2;0,MUT,ANES,,2,2,1;2,0.9997;0.9977,ok,,95998,13,2,1,95998x13x2,0,0,25064812,0,0,anesthetized_center_special_egocentric_context,1,1,,04-Jun-2026 16:31:52,ALLPAIRS-Feb2025.mat,foundation_v2_label_safe,paper/run_01_manifest.m,M_A,M_A,M_A,Mut + anesthetized center,Mut + anesthetized center,anesthetized_center,anesthetized_center,Anesthetized center,Mut + Anesthetized center,Big arena,Anesthetized partner,None,None,cohort1,Cohort 1 big arena Mut with anesthetized center,C1,cohort1:M_A,C1 Mut + anesthetized center,user_2026_06_25,reserved for special egocentric/social-context analyses,anesthetized_center_context,Anesthetized center context,0,0,0,1,0,0,big:M_A,Big arena Mut + anesthetized center,cohort1|big|M_A,Cohort 1 big arena Mut with anesthetized center,C1 big Mut + anesthetized center,1
66,session_0066.mat,session_0066.mat,session_0066.mat,files2run,session_0063,0063,M_A,MUT,anesthetized_partner,none,none,0,B,big,2;0,MUT,ANES,,2,2,1;2,0.9999;0.9989,ok,,95998,13,2,1,95998x13x2,0,0,24813660,0,0,anesthetized_center_special_egocentric_context,1,1,,04-Jun-2026 16:31:53,ALLPAIRS-Feb2025.mat,foundation_v2_label_safe,paper/run_01_manifest.m,M_A,M_A,M_A,Mut + anesthetized center,Mut + anesthetized center,anesthetized_center,anesthetized_center,Anesthetized center,Mut + Anesthetized center,Big arena,Anesthetized partner,None,None,cohort1,Cohort 1 big arena Mut with anesthetized center,C1,cohort1:M_A,C1 Mut + anesthetized center,user_2026_06_25,reserved for special egocentric/social-context analyses,anesthetized_center_context,Anesthetized center context,0,0,0,1,0,0,big:M_A,Big arena Mut + anesthetized center,cohort1|big|M_A,Cohort 1 big arena Mut with anesthetized center,C1 big Mut + anesthetized center,1
67,session_0067.mat,session_0067.mat,session_0067.mat,files2run,session_0064,0064,WT_A,WT,anesthetized_partner,none,none,0,B,big,1;0,WT,ANES,,2,2,1;2,0.9983;0.9994,ok,,95998,13,2,1,95998x13x2,0,0,25073133,0,0,anesthetized_center_special_egocentric_context,1,1,,04-Jun-2026 16:31:53,ALLPAIRS-Feb2025.mat,foundation_v2_label_safe,paper/run_01_manifest.m,WT_A,WT_A,WT_A,WT + anesthetized center,WT + anesthetized center,anesthetized_center,anesthetized_center,Anesthetized center,WT + Anesthetized center,Big arena,Anesthetized partner,None,None,cohort1,Cohort 1 big arena WT with anesthetized center,C1,cohort1:WT_A,C1 WT + anesthetized center,user_2026_06_25,reserved for special egocentric/social-context analyses,anesthetized_center_context,Anesthetized center context,0,0,0,1,0,0,big:WT_A,Big arena WT + anesthetized center,cohort1|big|WT_A,Cohort 1 big arena WT with anesthetized center,C1 big WT + anesthetized center,1
68,session_0068.mat,session_0068.mat,session_0068.mat,files2run,session_0065,0065,WT_A,WT,anesthetized_partner,none,none,0,B,big,1;0,WT,ANES,,2,2,1;2,0.9991;0.9993,ok,,95998,13,2,1,95998x13x2,0,0,25097712,0,0,anesthetized_center_special_egocentric_context,1,1,,04-Jun-2026 16:31:54,ALLPAIRS-Feb2025.mat,foundation_v2_label_safe,paper/run_01_manifest.m,WT_A,WT_A,WT_A,WT + anesthetized center,WT + anesthetized center,anesthetized_center,anesthetized_center,Anesthetized center,WT + Anesthetized center,Big arena,Anesthetized partner,None,None,cohort1,Cohort 1 big arena WT with anesthetized center,C1,cohort1:WT_A,C1 WT + anesthetized center,user_2026_06_25,reserved for special egocentric/social-context analyses,anesthetized_center_context,Anesthetized center context,0,0,0,1,0,0,big:WT_A,Big arena WT + anesthetized center,cohort1|big|WT_A,Cohort 1 big arena WT with anesthetized center,C1 big WT + anesthetized center,1
69,session_0069.mat,session_0069.mat,session_0069.mat,files2run,session_0066,0066,WT_A,WT,anesthetized_partner,none,none,0,B,big,1;0,WT,ANES,,2,2,1;2,0.9998;0.9974,ok,,95998,13,2,1,95998x13x2,0,0,25083844,0,0,anesthetized_center_special_egocentric_context,1,1,,04-Jun-2026 16:31:54,ALLPAIRS-Feb2025.mat,foundation_v2_label_safe,paper/run_01_manifest.m,WT_A,WT_A,WT_A,WT + anesthetized center,WT + anesthetized center,anesthetized_center,anesthetized_center,Anesthetized center,WT + Anesthetized center,Big arena,Anesthetized partner,None,None,cohort1,Cohort 1 big arena WT with anesthetized center,C1,cohort1:WT_A,C1 WT + anesthetized center,user_2026_06_25,reserved for special egocentric/social-context analyses,anesthetized_center_context,Anesthetized center context,0,0,0,1,0,0,big:WT_A,Big arena WT + anesthetized center,cohort1|big|WT_A,Cohort 1 big arena WT with anesthetized center,C1 big WT + anesthetized center,1
70,session_0070.mat,session_0070.mat,session_0070.mat,files2run,session_0067,0067,WT_A,WT,anesthetized_partner,none,none,0,B,big,1;0,WT,ANES,,2,2,1;2,0.9999;0.9945,ok,,95998,13,2,1,95998x13x2,0,0,24856866,0,0,anesthetized_center_special_egocentric_context,1,1,,04-Jun-2026 16:31:55,ALLPAIRS-Feb2025.mat,foundation_v2_label_safe,paper/run_01_manifest.m,WT_A,WT_A,WT_A,WT + anesthetized center,WT + anesthetized center,anesthetized_center,anesthetized_center,Anesthetized center,WT + Anesthetized center,Big arena,Anesthetized partner,None,None,cohort1,Cohort 1 big arena WT with anesthetized center,C1,cohort1:WT_A,C1 WT + anesthetized center,user_2026_06_25,reserved for special egocentric/social-context analyses,anesthetized_center_context,Anesthetized center context,0,0,0,1,0,0,big:WT_A,Big arena WT + anesthetized center,cohort1|big|WT_A,Cohort 1 big arena WT with anesthetized center,C1 big WT + anesthetized center,1
71,session_0071.mat,session_0071.mat,session_0071.mat,files2run,session_0068,0068,WT_A,WT,anesthetized_partner,none,none,0,B,big,1;0,WT,ANES,,2,2,1;2,0.9996;0.9977,ok,,95998,13,2,1,95998x13x2,0,0,24628877,0,0,anesthetized_center_special_egocentric_context,1,1,,04-Jun-2026 16:31:55,ALLPAIRS-Feb2025.mat,foundation_v2_label_safe,paper/run_01_manifest.m,WT_A,WT_A,WT_A,WT + anesthetized center,WT + anesthetized center,anesthetized_center,anesthetized_center,Anesthetized center,WT + Anesthetized center,Big arena,Anesthetized partner,None,None,cohort1,Cohort 1 big arena WT with anesthetized center,C1,cohort1:WT_A,C1 WT + anesthetized center,user_2026_06_25,reserved for special egocentric/social-context analyses,anesthetized_center_context,Anesthetized center context,0,0,0,1,0,0,big:WT_A,Big arena WT + anesthetized center,cohort1|big|WT_A,Cohort 1 big arena WT with anesthetized center,C1 big WT + anesthetized center,1
72,session_0072.mat,session_0072.mat,session_0072.mat,files2run,session_0069,0069,WT_A,WT,anesthetized_partner,none,none,0,B,big,1;0,WT,ANES,,2,2,1;2,0.9973;0.9989,ok,,95998,13,2,1,95998x13x2,0,0,25400067,0,0,anesthetized_center_special_egocentric_context,1,1,,04-Jun-2026 16:31:55,ALLPAIRS-Feb2025.mat,foundation_v2_label_safe,paper/run_01_manifest.m,WT_A,WT_A,WT_A,WT + anesthetized center,WT + anesthetized center,anesthetized_center,anesthetized_center,Anesthetized center,WT + Anesthetized center,Big arena,Anesthetized partner,None,None,cohort1,Cohort 1 big arena WT with anesthetized center,C1,cohort1:WT_A,C1 WT + anesthetized center,user_2026_06_25,reserved for special egocentric/social-context analyses,anesthetized_center_context,Anesthetized center context,0,0,0,1,0,0,big:WT_A,Big arena WT + anesthetized center,cohort1|big|WT_A,Cohort 1 big arena WT with anesthetized center,C1 big WT + anesthetized center,1
73,session_0073.mat,session_0073.mat,session_0073.mat,files2run,session_0070,0070,WT_A,WT,anesthetized_partner,none,none,0,B,big,1;0,WT,ANES,,2,2,1;2,0.9913;0.9997,ok,,95998,13,2,1,95998x13x2,0,0,25233410,0,0,anesthetized_center_special_egocentric_context,1,1,,04-Jun-2026 16:31:56,ALLPAIRS-Feb2025.mat,foundation_v2_label_safe,paper/run_01_manifest.m,WT_A,WT_A,WT_A,WT + anesthetized center,WT + anesthetized center,anesthetized_center,anesthetized_center,Anesthetized center,WT + Anesthetized center,Big arena,Anesthetized partner,None,None,cohort1,Cohort 1 big arena WT with anesthetized center,C1,cohort1:WT_A,C1 WT + anesthetized center,user_2026_06_25,reserved for special egocentric/social-context analyses,anesthetized_center_context,Anesthetized center context,0,0,0,1,0,0,big:WT_A,Big arena WT + anesthetized center,cohort1|big|WT_A,Cohort 1 big arena WT with anesthetized center,C1 big WT + anesthetized center,1
74,session_0074.mat,session_0074.mat,session_0074.mat,files2run,session_0071,0071,WT_A,WT,anesthetized_partner,none,none,0,B,big,1;0,WT,ANES,,2,2,1;2,0.9988;0.9998,ok,,95998,13,2,1,95998x13x2,0,0,24605393,0,0,anesthetized_center_special_egocentric_context,1,1,,04-Jun-2026 16:31:57,ALLPAIRS-Feb2025.mat,foundation_v2_label_safe,paper/run_01_manifest.m,WT_A,WT_A,WT_A,WT + anesthetized center,WT + anesthetized center,anesthetized_center,anesthetized_center,Anesthetized center,WT + Anesthetized center,Big arena,Anesthetized partner,None,None,cohort1,Cohort 1 big arena WT with anesthetized center,C1,cohort1:WT_A,C1 WT + anesthetized center,user_2026_06_25,reserved for special egocentric/social-context analyses,anesthetized_center_context,Anesthetized center context,0,0,0,1,0,0,big:WT_A,Big arena WT + anesthetized center,cohort1|big|WT_A,Cohort 1 big arena WT with anesthetized center,C1 big WT + anesthetized center,1
75,session_0075.mat,session_0075.mat,session_0075.mat,files2run,session_0072,0072,WT_A,WT,anesthetized_partner,none,none,0,B,big,1;0,WT,ANES,,2,2,1;2,0.9996;0.9998,ok,,95998,13,2,1,95998x13x2,0,0,24424912,0,0,anesthetized_center_special_egocentric_context,1,1,,04-Jun-2026 16:31:57,ALLPAIRS-Feb2025.mat,foundation_v2_label_safe,paper/run_01_manifest.m,WT_A,WT_A,WT_A,WT + anesthetized center,WT + anesthetized center,anesthetized_center,anesthetized_center,Anesthetized center,WT + Anesthetized center,Big arena,Anesthetized partner,None,None,cohort1,Cohort 1 big arena WT with anesthetized center,C1,cohort1:WT_A,C1 WT + anesthetized center,user_2026_06_25,reserved for special egocentric/social-context analyses,anesthetized_center_context,Anesthetized center context,0,0,0,1,0,0,big:WT_A,Big arena WT + anesthetized center,cohort1|big|WT_A,Cohort 1 big arena WT with anesthetized center,C1 big WT + anesthetized center,1
76,session_0076.mat,session_0076.mat,session_0076.mat,files2run,session_0077-00,0077-00,WT_WT,WT,freely_moving_dyad,none,none,0,S,small,1;1,WT,WT,,2,2,1;2,0.9778;0.9762,ok,,105597,13,2,1,105597x13x2,0,0,29449751,1,1,,1,1,,04-Jun-2026 16:31:58,ALLPAIRS-Feb2025.mat,foundation_v2_label_safe,paper/run_01_manifest.m,WT_WT,WT_WT,WT_WT,WT Pair,WT Pair,freely_moving_dyad,freely_moving_dyad,Freely moving dyad,WT Pair,Small arena,Freely moving dyad,None,None,cohort2,Cohort 2 small arena WT Pair,C2,cohort2:WT_WT,C2 WT Pair,user_2026_06_25,,block1_small_free_dyad_primary,Block 1 small arena primary dyads,0,1,1,0,0,0,small:WT_WT,Small arena WT Pair,cohort2|small|WT_WT,Cohort 2 small arena WT Pair,C2 small WT Pair,1
77,session_0077.mat,session_0077.mat,session_0077.mat,files2run,session_0078-00,0078-00,WT_WT,WT,freely_moving_dyad,none,none,0,S,small,1;1,WT,WT,,2,2,1;2,0.9918;0.9917,ok,,105597,13,2,1,105597x13x2,0,0,29616908,1,1,,1,1,,04-Jun-2026 16:31:58,ALLPAIRS-Feb2025.mat,foundation_v2_label_safe,paper/run_01_manifest.m,WT_WT,WT_WT,WT_WT,WT Pair,WT Pair,freely_moving_dyad,freely_moving_dyad,Freely moving dyad,WT Pair,Small arena,Freely moving dyad,None,None,cohort2,Cohort 2 small arena WT Pair,C2,cohort2:WT_WT,C2 WT Pair,user_2026_06_25,,block1_small_free_dyad_primary,Block 1 small arena primary dyads,0,1,1,0,0,0,small:WT_WT,Small arena WT Pair,cohort2|small|WT_WT,Cohort 2 small arena WT Pair,C2 small WT Pair,1
78,session_0078.mat,session_0078.mat,session_0078.mat,files2run,session_0079-00,0079-00,WT_WT,WT,freely_moving_dyad,none,none,0,S,small,1;1,WT,WT,,2,2,1;2,0.9899;0.989,ok,,105597,13,2,1,105597x13x2,0,0,29406986,1,1,,1,1,,04-Jun-2026 16:31:59,ALLPAIRS-Feb2025.mat,foundation_v2_label_safe,paper/run_01_manifest.m,WT_WT,WT_WT,WT_WT,WT Pair,WT Pair,freely_moving_dyad,freely_moving_dyad,Freely moving dyad,WT Pair,Small arena,Freely moving dyad,None,None,cohort2,Cohort 2 small arena WT Pair,C2,cohort2:WT_WT,C2 WT Pair,user_2026_06_25,,block1_small_free_dyad_primary,Block 1 small arena primary dyads,0,1,1,0,0,0,small:WT_WT,Small arena WT Pair,cohort2|small|WT_WT,Cohort 2 small arena WT Pair,C2 small WT Pair,1
79,session_0079.mat,session_0079.mat,session_0079.mat,files2run,session_0080-00,0080-00,WT_WT,WT,freely_moving_dyad,none,none,0,S,small,1;1,WT,WT,,2,2,1;2,0.9915;0.9909,ok,,105597,13,2,1,105597x13x2,0,0,29323373,1,1,,1,1,,04-Jun-2026 16:32:00,ALLPAIRS-Feb2025.mat,foundation_v2_label_safe,paper/run_01_manifest.m,WT_WT,WT_WT,WT_WT,WT Pair,WT Pair,freely_moving_dyad,freely_moving_dyad,Freely moving dyad,WT Pair,Small arena,Freely moving dyad,None,None,cohort2,Cohort 2 small arena WT Pair,C2,cohort2:WT_WT,C2 WT Pair,user_2026_06_25,,block1_small_free_dyad_primary,Block 1 small arena primary dyads,0,1,1,0,0,0,small:WT_WT,Small arena WT Pair,cohort2|small|WT_WT,Cohort 2 small arena WT Pair,C2 small WT Pair,1
80,session_0080.mat,session_0080.mat,session_0080.mat,files2run,session_0081-00,0081-00,WT_WT,WT,freely_moving_dyad,none,none,0,S,small,1;1,WT,WT,,3,2,1;2,0.9911;0.9911;0,reduce_to_dyad,extra_track_identity_removed_low_finite_fraction,105597,13,2,1,105597x13x3,0,0,30140587,1,1,,1,1,,04-Jun-2026 16:32:00,ALLPAIRS-Feb2025.mat,foundation_v2_label_safe,paper/run_01_manifest.m,WT_WT,WT_WT,WT_WT,WT Pair,WT Pair,freely_moving_dyad,freely_moving_dyad,Freely moving dyad,WT Pair,Small arena,Freely moving dyad,None,None,cohort2,Cohort 2 small arena WT Pair,C2,cohort2:WT_WT,C2 WT Pair,user_2026_06_25,,block1_small_free_dyad_primary,Block 1 small arena primary dyads,0,1,1,0,0,0,small:WT_WT,Small arena WT Pair,cohort2|small|WT_WT,Cohort 2 small arena WT Pair,C2 small WT Pair,1
81,session_0081.mat,session_0081.mat,session_0081.mat,files2run,session_0082-00,0082-00,WT_WT,WT,freely_moving_dyad,none,none,0,S,small,1;1,WT,WT,,2,2,1;2,0.9907;0.9904,ok,,105597,13,2,1,105597x13x2,0,0,30038955,1,1,,1,1,,04-Jun-2026 16:32:01,ALLPAIRS-Feb2025.mat,foundation_v2_label_safe,paper/run_01_manifest.m,WT_WT,WT_WT,WT_WT,WT Pair,WT Pair,freely_moving_dyad,freely_moving_dyad,Freely moving dyad,WT Pair,Small arena,Freely moving dyad,None,None,cohort2,Cohort 2 small arena WT Pair,C2,cohort2:WT_WT,C2 WT Pair,user_2026_06_25,,block1_small_free_dyad_primary,Block 1 small arena primary dyads,0,1,1,0,0,0,small:WT_WT,Small arena WT Pair,cohort2|small|WT_WT,Cohort 2 small arena WT Pair,C2 small WT Pair,1
82,session_0082.mat,session_0082.mat,session_0082.mat,files2run,session_0077-10,0077-10,WT_WT,WT,freely_moving_dyad,none,none,0,S,small,1;1,WT,WT,,2,2,1;2,0.9966;0.9978,ok,,95998,13,2,1,95998x13x2,0,0,26919703,1,1,,1,1,,04-Jun-2026 16:32:01,ALLPAIRS-Feb2025.mat,foundation_v2_label_safe,paper/run_01_manifest.m,WT_WT,WT_WT,WT_WT,WT Pair,WT Pair,freely_moving_dyad,freely_moving_dyad,Freely moving dyad,WT Pair,Small arena,Freely moving dyad,None,None,cohort2,Cohort 2 small arena WT Pair,C2,cohort2:WT_WT,C2 WT Pair,user_2026_06_25,,block1_small_free_dyad_primary,Block 1 small arena primary dyads,0,1,1,0,0,0,small:WT_WT,Small arena WT Pair,cohort2|small|WT_WT,Cohort 2 small arena WT Pair,C2 small WT Pair,1
83,session_0083.mat,session_0083.mat,session_0083.mat,files2run,session_0077-20,0077-20,WT_WT,WT,freely_moving_dyad,none,none,0,S,small,1;1,WT,WT,,3,2,1;2,0.9985;0.9963;0.0001,reduce_to_dyad,extra_track_identity_removed_low_finite_fraction,95998,13,2,1,95998x13x3,0,0,27187410,1,1,,1,1,,04-Jun-2026 16:32:02,ALLPAIRS-Feb2025.mat,foundation_v2_label_safe,paper/run_01_manifest.m,WT_WT,WT_WT,WT_WT,WT Pair,WT Pair,freely_moving_dyad,freely_moving_dyad,Freely moving dyad,WT Pair,Small arena,Freely moving dyad,None,None,cohort2,Cohort 2 small arena WT Pair,C2,cohort2:WT_WT,C2 WT Pair,user_2026_06_25,,block1_small_free_dyad_primary,Block 1 small arena primary dyads,0,1,1,0,0,0,small:WT_WT,Small arena WT Pair,cohort2|small|WT_WT,Cohort 2 small arena WT Pair,C2 small WT Pair,1
84,session_0084.mat,session_0084.mat,session_0084.mat,files2run,session_0078-10,0078-10,WT_WT,WT,freely_moving_dyad,none,none,0,S,small,1;1,WT,WT,,2,2,1;2,0.9992;0.9997,ok,,95998,13,2,1,95998x13x2,0,0,26844753,1,1,,1,1,,04-Jun-2026 16:32:03,ALLPAIRS-Feb2025.mat,foundation_v2_label_safe,paper/run_01_manifest.m,WT_WT,WT_WT,WT_WT,WT Pair,WT Pair,freely_moving_dyad,freely_moving_dyad,Freely moving dyad,WT Pair,Small arena,Freely moving dyad,None,None,cohort2,Cohort 2 small arena WT Pair,C2,cohort2:WT_WT,C2 WT Pair,user_2026_06_25,,block1_small_free_dyad_primary,Block 1 small arena primary dyads,0,1,1,0,0,0,small:WT_WT,Small arena WT Pair,cohort2|small|WT_WT,Cohort 2 small arena WT Pair,C2 small WT Pair,1
85,session_0085.mat,session_0085.mat,session_0085.mat,files2run,session_0078-20,0078-20,WT_WT,WT,freely_moving_dyad,none,none,0,S,small,1;1,WT,WT,,2,2,1;2,0.9996;0.9998,ok,,95998,13,2,1,95998x13x2,0,0,26614363,1,1,,1,1,,04-Jun-2026 16:32:03,ALLPAIRS-Feb2025.mat,foundation_v2_label_safe,paper/run_01_manifest.m,WT_WT,WT_WT,WT_WT,WT Pair,WT Pair,freely_moving_dyad,freely_moving_dyad,Freely moving dyad,WT Pair,Small arena,Freely moving dyad,None,None,cohort2,Cohort 2 small arena WT Pair,C2,cohort2:WT_WT,C2 WT Pair,user_2026_06_25,,block1_small_free_dyad_primary,Block 1 small arena primary dyads,0,1,1,0,0,0,small:WT_WT,Small arena WT Pair,cohort2|small|WT_WT,Cohort 2 small arena WT Pair,C2 small WT Pair,1
86,session_0086.mat,session_0086.mat,session_0086.mat,files2run,session_0079-10,0079-10,WT_WT,WT,freely_moving_dyad,none,none,0,S,small,1;1,WT,WT,,2,2,1;2,0.9997;0.9991,ok,,95998,13,2,1,95998x13x2,0,0,26749618,1,1,,1,1,,04-Jun-2026 16:32:04,ALLPAIRS-Feb2025.mat,foundation_v2_label_safe,paper/run_01_manifest.m,WT_WT,WT_WT,WT_WT,WT Pair,WT Pair,freely_moving_dyad,freely_moving_dyad,Freely moving dyad,WT Pair,Small arena,Freely moving dyad,None,None,cohort2,Cohort 2 small arena WT Pair,C2,cohort2:WT_WT,C2 WT Pair,user_2026_06_25,,block1_small_free_dyad_primary,Block 1 small arena primary dyads,0,1,1,0,0,0,small:WT_WT,Small arena WT Pair,cohort2|small|WT_WT,Cohort 2 small arena WT Pair,C2 small WT Pair,1
87,session_0087.mat,session_0087.mat,session_0087.mat,files2run,session_0079-20,0079-20,WT_WT,WT,freely_moving_dyad,none,none,0,S,small,1;1,WT,WT,,2,2,1;2,0.9996;0.9989,ok,,95998,13,2,1,95998x13x2,0,0,26823858,1,1,,1,1,,04-Jun-2026 16:32:04,ALLPAIRS-Feb2025.mat,foundation_v2_label_safe,paper/run_01_manifest.m,WT_WT,WT_WT,WT_WT,WT Pair,WT Pair,freely_moving_dyad,freely_moving_dyad,Freely moving dyad,WT Pair,Small arena,Freely moving dyad,None,None,cohort2,Cohort 2 small arena WT Pair,C2,cohort2:WT_WT,C2 WT Pair,user_2026_06_25,,block1_small_free_dyad_primary,Block 1 small arena primary dyads,0,1,1,0,0,0,small:WT_WT,Small arena WT Pair,cohort2|small|WT_WT,Cohort 2 small arena WT Pair,C2 small WT Pair,1
88,session_0088.mat,session_0088.mat,session_0088.mat,files2run,session_0080-10,0080-10,WT_WT,WT,freely_moving_dyad,none,none,0,S,small,1;1,WT,WT,,2,2,1;2,0.9992;0.9982,ok,,95998,13,2,1,95998x13x2,0,0,26611292,1,1,,1,1,,04-Jun-2026 16:32:05,ALLPAIRS-Feb2025.mat,foundation_v2_label_safe,paper/run_01_manifest.m,WT_WT,WT_WT,WT_WT,WT Pair,WT Pair,freely_moving_dyad,freely_moving_dyad,Freely moving dyad,WT Pair,Small arena,Freely moving dyad,None,None,cohort2,Cohort 2 small arena WT Pair,C2,cohort2:WT_WT,C2 WT Pair,user_2026_06_25,,block1_small_free_dyad_primary,Block 1 small arena primary dyads,0,1,1,0,0,0,small:WT_WT,Small arena WT Pair,cohort2|small|WT_WT,Cohort 2 small arena WT Pair,C2 small WT Pair,1
89,session_0089.mat,session_0089.mat,session_0089.mat,files2run,session_0080-20,0080-20,WT_WT,WT,freely_moving_dyad,none,none,0,S,small,1;1,WT,WT,,2,2,1;2,0.9968;0.9944,ok,,95998,13,2,1,95998x13x2,0,0,26054804,1,1,,1,1,,04-Jun-2026 16:32:06,ALLPAIRS-Feb2025.mat,foundation_v2_label_safe,paper/run_01_manifest.m,WT_WT,WT_WT,WT_WT,WT Pair,WT Pair,freely_moving_dyad,freely_moving_dyad,Freely moving dyad,WT Pair,Small arena,Freely moving dyad,None,None,cohort2,Cohort 2 small arena WT Pair,C2,cohort2:WT_WT,C2 WT Pair,user_2026_06_25,,block1_small_free_dyad_primary,Block 1 small arena primary dyads,0,1,1,0,0,0,small:WT_WT,Small arena WT Pair,cohort2|small|WT_WT,Cohort 2 small arena WT Pair,C2 small WT Pair,1
90,session_0090.mat,session_0090.mat,session_0090.mat,files2run,session_0081-10,0081-10,WT_WT,WT,freely_moving_dyad,none,none,0,S,small,1;1,WT,WT,,3,2,1;2,0.9987;0.9986;0,reduce_to_dyad,extra_track_identity_removed_low_finite_fraction,95998,13,2,1,95998x13x3,0,0,27137923,1,1,,1,1,,04-Jun-2026 16:32:06,ALLPAIRS-Feb2025.mat,foundation_v2_label_safe,paper/run_01_manifest.m,WT_WT,WT_WT,WT_WT,WT Pair,WT Pair,freely_moving_dyad,freely_moving_dyad,Freely moving dyad,WT Pair,Small arena,Freely moving dyad,None,None,cohort2,Cohort 2 small arena WT Pair,C2,cohort2:WT_WT,C2 WT Pair,user_2026_06_25,,block1_small_free_dyad_primary,Block 1 small arena primary dyads,0,1,1,0,0,0,small:WT_WT,Small arena WT Pair,cohort2|small|WT_WT,Cohort 2 small arena WT Pair,C2 small WT Pair,1
91,session_0091.mat,session_0091.mat,session_0091.mat,files2run,session_0081-20,0081-20,WT_WT,WT,freely_moving_dyad,none,none,0,S,small,1;1,WT,WT,,2,2,1;2,0.9998;0.9995,ok,,95998,13,2,1,95998x13x2,0,0,26530467,1,1,,1,1,,04-Jun-2026 16:32:07,ALLPAIRS-Feb2025.mat,foundation_v2_label_safe,paper/run_01_manifest.m,WT_WT,WT_WT,WT_WT,WT Pair,WT Pair,freely_moving_dyad,freely_moving_dyad,Freely moving dyad,WT Pair,Small arena,Freely moving dyad,None,None,cohort2,Cohort 2 small arena WT Pair,C2,cohort2:WT_WT,C2 WT Pair,user_2026_06_25,,block1_small_free_dyad_primary,Block 1 small arena primary dyads,0,1,1,0,0,0,small:WT_WT,Small arena WT Pair,cohort2|small|WT_WT,Cohort 2 small arena WT Pair,C2 small WT Pair,1
92,session_0092.mat,session_0092.mat,session_0092.mat,files2run,session_0082-10,0082-10,WT_WT,WT,freely_moving_dyad,none,none,0,S,small,1;1,WT,WT,,2,2,1;2,0.9981;0.9991,ok,,95998,13,2,1,95998x13x2,0,0,27281577,1,1,,1,1,,04-Jun-2026 16:32:07,ALLPAIRS-Feb2025.mat,foundation_v2_label_safe,paper/run_01_manifest.m,WT_WT,WT_WT,WT_WT,WT Pair,WT Pair,freely_moving_dyad,freely_moving_dyad,Freely moving dyad,WT Pair,Small arena,Freely moving dyad,None,None,cohort2,Cohort 2 small arena WT Pair,C2,cohort2:WT_WT,C2 WT Pair,user_2026_06_25,,block1_small_free_dyad_primary,Block 1 small arena primary dyads,0,1,1,0,0,0,small:WT_WT,Small arena WT Pair,cohort2|small|WT_WT,Cohort 2 small arena WT Pair,C2 small WT Pair,1
93,session_0093.mat,session_0093.mat,session_0093.mat,files2run,session_0082-20,0082-20,WT_WT,WT,freely_moving_dyad,none,none,0,S,small,1;1,WT,WT,,2,2,1;2,0.9974;0.9986,ok,,95998,13,2,1,95998x13x2,0,0,26832801,1,1,,1,1,,04-Jun-2026 16:32:08,ALLPAIRS-Feb2025.mat,foundation_v2_label_safe,paper/run_01_manifest.m,WT_WT,WT_WT,WT_WT,WT Pair,WT Pair,freely_moving_dyad,freely_moving_dyad,Freely moving dyad,WT Pair,Small arena,Freely moving dyad,None,None,cohort2,Cohort 2 small arena WT Pair,C2,cohort2:WT_WT,C2 WT Pair,user_2026_06_25,,block1_small_free_dyad_primary,Block 1 small arena primary dyads,0,1,1,0,0,0,small:WT_WT,Small arena WT Pair,cohort2|small|WT_WT,Cohort 2 small arena WT Pair,C2 small WT Pair,1
94,session_0094.mat,session_0094.mat,session_0094.mat,files2run,session_0301,0301,M_WT,MUT,freely_moving_dyad,none,none,0,S,small,2;1,MUT,WT,,2,2,1;2,0.9963;0.9979,ok,,38399,13,2,1,38399x13x2,0,0,11053116,1,1,,1,1,,04-Jun-2026 16:32:08,ALLPAIRS-Feb2025.mat,foundation_v2_label_safe,paper/run_01_manifest.m,M_WT,M_WT,M_WT,Mixed Pair,Mixed Pair,freely_moving_dyad,freely_moving_dyad,Freely moving dyad,Mixed Pair,Small arena,Freely moving dyad,None,None,cohort2,Cohort 2 small arena Mixed Pair,C2,cohort2:M_WT,C2 Mixed Pair,user_2026_06_25,,block1_small_free_dyad_primary,Block 1 small arena primary dyads,0,1,0,0,0,0,small:M_WT,Small arena Mixed Pair,cohort2|small|M_WT,Cohort 2 small arena Mixed Pair,C2 small Mixed Pair,1
95,session_0095.mat,session_0095.mat,session_0095.mat,files2run,session_0302,0302,M_WT,MUT,freely_moving_dyad,none,none,0,S,small,2;1,MUT,WT,,2,2,1;2,0.9738;0.9712,ok,,38399,13,2,1,38399x13x2,0,0,10697086,1,1,,1,1,,04-Jun-2026 16:32:08,ALLPAIRS-Feb2025.mat,foundation_v2_label_safe,paper/run_01_manifest.m,M_WT,M_WT,M_WT,Mixed Pair,Mixed Pair,freely_moving_dyad,freely_moving_dyad,Freely moving dyad,Mixed Pair,Small arena,Freely moving dyad,None,None,cohort2,Cohort 2 small arena Mixed Pair,C2,cohort2:M_WT,C2 Mixed Pair,user_2026_06_25,,block1_small_free_dyad_primary,Block 1 small arena primary dyads,0,1,0,0,0,0,small:M_WT,Small arena Mixed Pair,cohort2|small|M_WT,Cohort 2 small arena Mixed Pair,C2 small Mixed Pair,1
96,session_0096.mat,session_0096.mat,session_0096.mat,files2run,session_0303,0303,M_WT,MUT,freely_moving_dyad,none,none,0,S,small,2;1,MUT,WT,,2,2,1;2,0.9807;0.981,ok,,38399,13,2,1,38399x13x2,0,0,10656788,1,1,,1,1,,04-Jun-2026 16:32:09,ALLPAIRS-Feb2025.mat,foundation_v2_label_safe,paper/run_01_manifest.m,M_WT,M_WT,M_WT,Mixed Pair,Mixed Pair,freely_moving_dyad,freely_moving_dyad,Freely moving dyad,Mixed Pair,Small arena,Freely moving dyad,None,None,cohort2,Cohort 2 small arena Mixed Pair,C2,cohort2:M_WT,C2 Mixed Pair,user_2026_06_25,,block1_small_free_dyad_primary,Block 1 small arena primary dyads,0,1,0,0,0,0,small:M_WT,Small arena Mixed Pair,cohort2|small|M_WT,Cohort 2 small arena Mixed Pair,C2 small Mixed Pair,1
97,session_0097.mat,session_0097.mat,session_0097.mat,files2run,session_0304,0304,M_WT,MUT,freely_moving_dyad,none,none,0,S,small,2;1,MUT,WT,,2,2,1;2,0.989;0.9919,ok,,38399,13,2,1,38399x13x2,0,0,10519418,1,1,,1,1,,04-Jun-2026 16:32:09,ALLPAIRS-Feb2025.mat,foundation_v2_label_safe,paper/run_01_manifest.m,M_WT,M_WT,M_WT,Mixed Pair,Mixed Pair,freely_moving_dyad,freely_moving_dyad,Freely moving dyad,Mixed Pair,Small arena,Freely moving dyad,None,None,cohort2,Cohort 2 small arena Mixed Pair,C2,cohort2:M_WT,C2 Mixed Pair,user_2026_06_25,,block1_small_free_dyad_primary,Block 1 small arena primary dyads,0,1,0,0,0,0,small:M_WT,Small arena Mixed Pair,cohort2|small|M_WT,Cohort 2 small arena Mixed Pair,C2 small Mixed Pair,1
98,session_0098.mat,session_0098.mat,session_0098.mat,files2run,session_0306,0306,M_WT,MUT,freely_moving_dyad,none,none,0,S,small,2;1,MUT,WT,,2,2,1;2,0.9878;0.9911,ok,,38399,13,2,1,38399x13x2,0,0,10438851,1,1,,1,1,,04-Jun-2026 16:32:09,ALLPAIRS-Feb2025.mat,foundation_v2_label_safe,paper/run_01_manifest.m,M_WT,M_WT,M_WT,Mixed Pair,Mixed Pair,freely_moving_dyad,freely_moving_dyad,Freely moving dyad,Mixed Pair,Small arena,Freely moving dyad,None,None,cohort2,Cohort 2 small arena Mixed Pair,C2,cohort2:M_WT,C2 Mixed Pair,user_2026_06_25,,block1_small_free_dyad_primary,Block 1 small arena primary dyads,0,1,0,0,0,0,small:M_WT,Small arena Mixed Pair,cohort2|small|M_WT,Cohort 2 small arena Mixed Pair,C2 small Mixed Pair,1
99,session_0099.mat,session_0099.mat,session_0099.mat,files2run,session_0307,0307,M_WT,MUT,freely_moving_dyad,none,none,0,S,small,2;1,MUT,WT,,2,2,1;2,0.9898;0.9892,ok,,38399,13,2,1,38399x13x2,0,0,10965424,1,1,,1,1,,04-Jun-2026 16:32:09,ALLPAIRS-Feb2025.mat,foundation_v2_label_safe,paper/run_01_manifest.m,M_WT,M_WT,M_WT,Mixed Pair,Mixed Pair,freely_moving_dyad,freely_moving_dyad,Freely moving dyad,Mixed Pair,Small arena,Freely moving dyad,None,None,cohort2,Cohort 2 small arena Mixed Pair,C2,cohort2:M_WT,C2 Mixed Pair,user_2026_06_25,,block1_small_free_dyad_primary,Block 1 small arena primary dyads,0,1,0,0,0,0,small:M_WT,Small arena Mixed Pair,cohort2|small|M_WT,Cohort 2 small arena Mixed Pair,C2 small Mixed Pair,1
100,session_0100.mat,session_0100.mat,session_0100.mat,files2run,session_0308,0308,M_WT,MUT,freely_moving_dyad,none,none,0,S,small,2;1,MUT,WT,,2,2,1;2,0.989;0.9862,ok,,38399,13,2,1,38399x13x2,0,0,10495380,1,1,,1,1,,04-Jun-2026 16:32:09,ALLPAIRS-Feb2025.mat,foundation_v2_label_safe,paper/run_01_manifest.m,M_WT,M_WT,M_WT,Mixed Pair,Mixed Pair,freely_moving_dyad,freely_moving_dyad,Freely moving dyad,Mixed Pair,Small arena,Freely moving dyad,None,None,cohort2,Cohort 2 small arena Mixed Pair,C2,cohort2:M_WT,C2 Mixed Pair,user_2026_06_25,,block1_small_free_dyad_primary,Block 1 small arena primary dyads,0,1,0,0,0,0,small:M_WT,Small arena Mixed Pair,cohort2|small|M_WT,Cohort 2 small arena Mixed Pair,C2 small Mixed Pair,1
101,session_0101.mat,session_0101.mat,session_0101.mat,files2run,session_0309,0309,M_WT,MUT,freely_moving_dyad,none,none,0,S,small,2;1,MUT,WT,,2,2,1;2,0.9765;0.979,ok,,38399,13,2,1,38399x13x2,0,0,10705560,1,1,,1,1,,04-Jun-2026 16:32:10,ALLPAIRS-Feb2025.mat,foundation_v2_label_safe,paper/run_01_manifest.m,M_WT,M_WT,M_WT,Mixed Pair,Mixed Pair,freely_moving_dyad,freely_moving_dyad,Freely moving dyad,Mixed Pair,Small arena,Freely moving dyad,None,None,cohort2,Cohort 2 small arena Mixed Pair,C2,cohort2:M_WT,C2 Mixed Pair,user_2026_06_25,,block1_small_free_dyad_primary,Block 1 small arena primary dyads,0,1,0,0,0,0,small:M_WT,Small arena Mixed Pair,cohort2|small|M_WT,Cohort 2 small arena Mixed Pair,C2 small Mixed Pair,1
102,session_0102.mat,session_0102.mat,session_0102.mat,files2run,session_0310,0310,M_WT,MUT,freely_moving_dyad,none,none,0,S,small,2;1,MUT,WT,,2,2,1;2,0.9894;0.9911,ok,,38399,13,2,1,38399x13x2,0,0,10564945,1,1,,1,1,,04-Jun-2026 16:32:10,ALLPAIRS-Feb2025.mat,foundation_v2_label_safe,paper/run_01_manifest.m,M_WT,M_WT,M_WT,Mixed Pair,Mixed Pair,freely_moving_dyad,freely_moving_dyad,Freely moving dyad,Mixed Pair,Small arena,Freely moving dyad,None,None,cohort2,Cohort 2 small arena Mixed Pair,C2,cohort2:M_WT,C2 Mixed Pair,user_2026_06_25,,block1_small_free_dyad_primary,Block 1 small arena primary dyads,0,1,0,0,0,0,small:M_WT,Small arena Mixed Pair,cohort2|small|M_WT,Cohort 2 small arena Mixed Pair,C2 small Mixed Pair,1
103,session_0103.mat,session_0103.mat,session_0103.mat,files2run,session_0311,0311,M_WT,MUT,freely_moving_dyad,none,none,0,S,small,2;1,MUT,WT,,2,2,1;2,0.9861;0.9891,ok,,38399,13,2,1,38399x13x2,0,0,10888058,1,1,,1,1,,04-Jun-2026 16:32:10,ALLPAIRS-Feb2025.mat,foundation_v2_label_safe,paper/run_01_manifest.m,M_WT,M_WT,M_WT,Mixed Pair,Mixed Pair,freely_moving_dyad,freely_moving_dyad,Freely moving dyad,Mixed Pair,Small arena,Freely moving dyad,None,None,cohort2,Cohort 2 small arena Mixed Pair,C2,cohort2:M_WT,C2 Mixed Pair,user_2026_06_25,,block1_small_free_dyad_primary,Block 1 small arena primary dyads,0,1,0,0,0,0,small:M_WT,Small arena Mixed Pair,cohort2|small|M_WT,Cohort 2 small arena Mixed Pair,C2 small Mixed Pair,1
104,session_0104.mat,session_0104.mat,session_0104.mat,files2run,session_0312,0312,M_WT,MUT,freely_moving_dyad,none,none,0,S,small,2;1,MUT,WT,,2,2,1;2,0.9899;0.9896,ok,,38399,13,2,1,38399x13x2,0,0,10753514,1,1,,1,1,,04-Jun-2026 16:32:10,ALLPAIRS-Feb2025.mat,foundation_v2_label_safe,paper/run_01_manifest.m,M_WT,M_WT,M_WT,Mixed Pair,Mixed Pair,freely_moving_dyad,freely_moving_dyad,Freely moving dyad,Mixed Pair,Small arena,Freely moving dyad,None,None,cohort2,Cohort 2 small arena Mixed Pair,C2,cohort2:M_WT,C2 Mixed Pair,user_2026_06_25,,block1_small_free_dyad_primary,Block 1 small arena primary dyads,0,1,0,0,0,0,small:M_WT,Small arena Mixed Pair,cohort2|small|M_WT,Cohort 2 small arena Mixed Pair,C2 small Mixed Pair,1
105,session_0105.mat,session_0105.mat,session_0105.mat,files2run,session_0313,0313,M_WT,MUT,freely_moving_dyad,none,none,0,S,small,2;1,MUT,WT,,2,2,1;2,0.9763;0.9793,ok,,38399,13,2,1,38399x13x2,0,0,10362718,1,1,,1,1,,04-Jun-2026 16:32:11,ALLPAIRS-Feb2025.mat,foundation_v2_label_safe,paper/run_01_manifest.m,M_WT,M_WT,M_WT,Mixed Pair,Mixed Pair,freely_moving_dyad,freely_moving_dyad,Freely moving dyad,Mixed Pair,Small arena,Freely moving dyad,None,None,cohort2,Cohort 2 small arena Mixed Pair,C2,cohort2:M_WT,C2 Mixed Pair,user_2026_06_25,,block1_small_free_dyad_primary,Block 1 small arena primary dyads,0,1,0,0,0,0,small:M_WT,Small arena Mixed Pair,cohort2|small|M_WT,Cohort 2 small arena Mixed Pair,C2 small Mixed Pair,1
106,session_0106.mat,session_0106.mat,session_0106.mat,files2run,session_0314,0314,M_WT,MUT,freely_moving_dyad,none,none,0,S,small,2;1,MUT,WT,,2,2,1;2,0.978;0.9824,ok,,38399,13,2,1,38399x13x2,0,0,10817008,1,1,,1,1,,04-Jun-2026 16:32:11,ALLPAIRS-Feb2025.mat,foundation_v2_label_safe,paper/run_01_manifest.m,M_WT,M_WT,M_WT,Mixed Pair,Mixed Pair,freely_moving_dyad,freely_moving_dyad,Freely moving dyad,Mixed Pair,Small arena,Freely moving dyad,None,None,cohort2,Cohort 2 small arena Mixed Pair,C2,cohort2:M_WT,C2 Mixed Pair,user_2026_06_25,,block1_small_free_dyad_primary,Block 1 small arena primary dyads,0,1,0,0,0,0,small:M_WT,Small arena Mixed Pair,cohort2|small|M_WT,Cohort 2 small arena Mixed Pair,C2 small Mixed Pair,1
107,session_0107.mat,session_0107.mat,session_0107.mat,files2run,session_0315,0315,M_WT,MUT,freely_moving_dyad,none,none,0,S,small,2;1,MUT,WT,,2,2,1;2,0.9875;0.9901,ok,,38399,13,2,1,38399x13x2,0,0,10802178,1,1,,1,1,,04-Jun-2026 16:32:11,ALLPAIRS-Feb2025.mat,foundation_v2_label_safe,paper/run_01_manifest.m,M_WT,M_WT,M_WT,Mixed Pair,Mixed Pair,freely_moving_dyad,freely_moving_dyad,Freely moving dyad,Mixed Pair,Small arena,Freely moving dyad,None,None,cohort2,Cohort 2 small arena Mixed Pair,C2,cohort2:M_WT,C2 Mixed Pair,user_2026_06_25,,block1_small_free_dyad_primary,Block 1 small arena primary dyads,0,1,0,0,0,0,small:M_WT,Small arena Mixed Pair,cohort2|small|M_WT,Cohort 2 small arena Mixed Pair,C2 small Mixed Pair,1
108,session_0108.mat,session_0108.mat,session_0108.mat,files2run,session_0316,0316,M_WT,MUT,freely_moving_dyad,none,none,0,S,small,2;1,MUT,WT,,2,2,1;2,0.9858;0.993,ok,,38399,13,2,1,38399x13x2,0,0,10835339,1,1,,1,1,,04-Jun-2026 16:32:11,ALLPAIRS-Feb2025.mat,foundation_v2_label_safe,paper/run_01_manifest.m,M_WT,M_WT,M_WT,Mixed Pair,Mixed Pair,freely_moving_dyad,freely_moving_dyad,Freely moving dyad,Mixed Pair,Small arena,Freely moving dyad,None,None,cohort2,Cohort 2 small arena Mixed Pair,C2,cohort2:M_WT,C2 Mixed Pair,user_2026_06_25,,block1_small_free_dyad_primary,Block 1 small arena primary dyads,0,1,0,0,0,0,small:M_WT,Small arena Mixed Pair,cohort2|small|M_WT,Cohort 2 small arena Mixed Pair,C2 small Mixed Pair,1
109,session_0109.mat,session_0109.mat,session_0109.mat,files2run,session_0318,0318,M_WT,MUT,freely_moving_dyad,none,none,0,S,small,2;1,MUT,WT,,2,2,1;2,0.9853;0.9916,ok,,38399,13,2,1,38399x13x2,0,0,10807226,1,1,,1,1,,04-Jun-2026 16:32:11,ALLPAIRS-Feb2025.mat,foundation_v2_label_safe,paper/run_01_manifest.m,M_WT,M_WT,M_WT,Mixed Pair,Mixed Pair,freely_moving_dyad,freely_moving_dyad,Freely moving dyad,Mixed Pair,Small arena,Freely moving dyad,None,None,cohort2,Cohort 2 small arena Mixed Pair,C2,cohort2:M_WT,C2 Mixed Pair,user_2026_06_25,,block1_small_free_dyad_primary,Block 1 small arena primary dyads,0,1,0,0,0,0,small:M_WT,Small arena Mixed Pair,cohort2|small|M_WT,Cohort 2 small arena Mixed Pair,C2 small Mixed Pair,1
110,session_0110.mat,session_0110.mat,session_0110.mat,files2run,session_0319,0319,M_WT,MUT,freely_moving_dyad,none,none,0,S,small,2;1,MUT,WT,,2,2,1;2,0.9793;0.9703,ok,,38399,13,2,1,38399x13x2,0,0,10799352,1,1,,1,1,,04-Jun-2026 16:32:11,ALLPAIRS-Feb2025.mat,foundation_v2_label_safe,paper/run_01_manifest.m,M_WT,M_WT,M_WT,Mixed Pair,Mixed Pair,freely_moving_dyad,freely_moving_dyad,Freely moving dyad,Mixed Pair,Small arena,Freely moving dyad,None,None,cohort2,Cohort 2 small arena Mixed Pair,C2,cohort2:M_WT,C2 Mixed Pair,user_2026_06_25,,block1_small_free_dyad_primary,Block 1 small arena primary dyads,0,1,0,0,0,0,small:M_WT,Small arena Mixed Pair,cohort2|small|M_WT,Cohort 2 small arena Mixed Pair,C2 small Mixed Pair,1
111,session_0111.mat,session_0111.mat,session_0111.mat,files2run,session_0320,0320,M_WT,MUT,freely_moving_dyad,none,none,0,S,small,2;1,MUT,WT,,2,2,1;2,0.9885;0.9911,ok,,38399,13,2,1,38399x13x2,0,0,10889972,1,1,,1,1,,04-Jun-2026 16:32:11,ALLPAIRS-Feb2025.mat,foundation_v2_label_safe,paper/run_01_manifest.m,M_WT,M_WT,M_WT,Mixed Pair,Mixed Pair,freely_moving_dyad,freely_moving_dyad,Freely moving dyad,Mixed Pair,Small arena,Freely moving dyad,None,None,cohort2,Cohort 2 small arena Mixed Pair,C2,cohort2:M_WT,C2 Mixed Pair,user_2026_06_25,,block1_small_free_dyad_primary,Block 1 small arena primary dyads,0,1,0,0,0,0,small:M_WT,Small arena Mixed Pair,cohort2|small|M_WT,Cohort 2 small arena Mixed Pair,C2 small Mixed Pair,1
112,session_0112.mat,session_0112.mat,session_0112.mat,files2run,session_0323,0323,M_WT,MUT,freely_moving_dyad,none,none,0,S,small,2;1,MUT,WT,,2,2,1;2,0.9879;0.9917,ok,,38399,13,2,1,38399x13x2,0,0,10792284,1,1,,1,1,,04-Jun-2026 16:32:12,ALLPAIRS-Feb2025.mat,foundation_v2_label_safe,paper/run_01_manifest.m,M_WT,M_WT,M_WT,Mixed Pair,Mixed Pair,freely_moving_dyad,freely_moving_dyad,Freely moving dyad,Mixed Pair,Small arena,Freely moving dyad,None,None,cohort2,Cohort 2 small arena Mixed Pair,C2,cohort2:M_WT,C2 Mixed Pair,user_2026_06_25,,block1_small_free_dyad_primary,Block 1 small arena primary dyads,0,1,0,0,0,0,small:M_WT,Small arena Mixed Pair,cohort2|small|M_WT,Cohort 2 small arena Mixed Pair,C2 small Mixed Pair,1
113,session_0113.mat,session_0113.mat,session_0113.mat,files2run,session_0324,0324,M_WT,MUT,freely_moving_dyad,none,none,0,S,small,2;1,MUT,WT,,2,2,1;2,0.9828;0.9881,ok,,38399,13,2,1,38399x13x2,0,0,10450005,1,1,,1,1,,04-Jun-2026 16:32:12,ALLPAIRS-Feb2025.mat,foundation_v2_label_safe,paper/run_01_manifest.m,M_WT,M_WT,M_WT,Mixed Pair,Mixed Pair,freely_moving_dyad,freely_moving_dyad,Freely moving dyad,Mixed Pair,Small arena,Freely moving dyad,None,None,cohort2,Cohort 2 small arena Mixed Pair,C2,cohort2:M_WT,C2 Mixed Pair,user_2026_06_25,,block1_small_free_dyad_primary,Block 1 small arena primary dyads,0,1,0,0,0,0,small:M_WT,Small arena Mixed Pair,cohort2|small|M_WT,Cohort 2 small arena Mixed Pair,C2 small Mixed Pair,1
114,session_0114.mat,session_0114.mat,session_0114.mat,files2run,session_0325,0325,M_WT,MUT,freely_moving_dyad,none,none,0,S,small,2;1,MUT,WT,,2,2,1;2,0.9858;0.9845,ok,,38399,13,2,1,38399x13x2,0,0,10391629,1,1,,1,1,,04-Jun-2026 16:32:12,ALLPAIRS-Feb2025.mat,foundation_v2_label_safe,paper/run_01_manifest.m,M_WT,M_WT,M_WT,Mixed Pair,Mixed Pair,freely_moving_dyad,freely_moving_dyad,Freely moving dyad,Mixed Pair,Small arena,Freely moving dyad,None,None,cohort2,Cohort 2 small arena Mixed Pair,C2,cohort2:M_WT,C2 Mixed Pair,user_2026_06_25,,block1_small_free_dyad_primary,Block 1 small arena primary dyads,0,1,0,0,0,0,small:M_WT,Small arena Mixed Pair,cohort2|small|M_WT,Cohort 2 small arena Mixed Pair,C2 small Mixed Pair,1
115,session_0115.mat,session_0115.mat,session_0115.mat,files2run,session_0326,0326,M_WT,MUT,freely_moving_dyad,none,none,0,S,small,2;1,MUT,WT,,2,2,1;2,0.9901;0.9902,ok,,38399,13,2,1,38399x13x2,0,0,10440182,1,1,,1,1,,04-Jun-2026 16:32:12,ALLPAIRS-Feb2025.mat,foundation_v2_label_safe,paper/run_01_manifest.m,M_WT,M_WT,M_WT,Mixed Pair,Mixed Pair,freely_moving_dyad,freely_moving_dyad,Freely moving dyad,Mixed Pair,Small arena,Freely moving dyad,None,None,cohort2,Cohort 2 small arena Mixed Pair,C2,cohort2:M_WT,C2 Mixed Pair,user_2026_06_25,,block1_small_free_dyad_primary,Block 1 small arena primary dyads,0,1,0,0,0,0,small:M_WT,Small arena Mixed Pair,cohort2|small|M_WT,Cohort 2 small arena Mixed Pair,C2 small Mixed Pair,1
116,session_0116.mat,session_0116.mat,session_0116.mat,files2run,session_0327,0327,M_WT,MUT,freely_moving_dyad,none,none,0,S,small,2;1,MUT,WT,,2,2,1;2,0.9716;0.9731,ok,,38399,13,2,1,38399x13x2,0,0,10258580,1,1,,1,1,,04-Jun-2026 16:32:13,ALLPAIRS-Feb2025.mat,foundation_v2_label_safe,paper/run_01_manifest.m,M_WT,M_WT,M_WT,Mixed Pair,Mixed Pair,freely_moving_dyad,freely_moving_dyad,Freely moving dyad,Mixed Pair,Small arena,Freely moving dyad,None,None,cohort2,Cohort 2 small arena Mixed Pair,C2,cohort2:M_WT,C2 Mixed Pair,user_2026_06_25,,block1_small_free_dyad_primary,Block 1 small arena primary dyads,0,1,0,0,0,0,small:M_WT,Small arena Mixed Pair,cohort2|small|M_WT,Cohort 2 small arena Mixed Pair,C2 small Mixed Pair,1
117,session_0117.mat,session_0117.mat,session_0117.mat,files2run,session_0328,0328,M_WT,MUT,freely_moving_dyad,none,none,0,S,small,2;1,MUT,WT,,2,2,1;2,0.9818;0.9914,ok,,38399,13,2,1,38399x13x2,0,0,10565390,1,1,,1,1,,04-Jun-2026 16:32:12,ALLPAIRS-Feb2025.mat,foundation_v2_label_safe,paper/run_01_manifest.m,M_WT,M_WT,M_WT,Mixed Pair,Mixed Pair,freely_moving_dyad,freely_moving_dyad,Freely moving dyad,Mixed Pair,Small arena,Freely moving dyad,None,None,cohort2,Cohort 2 small arena Mixed Pair,C2,cohort2:M_WT,C2 Mixed Pair,user_2026_06_25,,block1_small_free_dyad_primary,Block 1 small arena primary dyads,0,1,0,0,0,0,small:M_WT,Small arena Mixed Pair,cohort2|small|M_WT,Cohort 2 small arena Mixed Pair,C2 small Mixed Pair,1
118,session_0118.mat,session_0118.mat,session_0118.mat,files2run,session_0701,3.70776e+09 2 1 1 1 1,M_M,MUT,freely_moving_dyad,none,none,0,S,small,2;2,MUT,MUT,,2,2,1;2,0.962;0.9621,ok,,57599,13,2,1,57599x13x2,0,0,16232817,1,1,,1,1,,04-Jun-2026 16:32:13,ALLPAIRS-Feb2025.mat,foundation_v2_label_safe,paper/run_01_manifest.m,M_M,M_M,M_M,Mut Pair,Mut Pair,freely_moving_dyad,freely_moving_dyad,Freely moving dyad,Mut Pair,Small arena,Freely moving dyad,None,None,cohort2,Cohort 2 small arena Mut Pair,C2,cohort2:M_M,C2 Mut Pair,user_2026_06_25,,block1_small_free_dyad_primary,Block 1 small arena primary dyads,0,1,0,0,0,0,small:M_M,Small arena Mut Pair,cohort2|small|M_M,Cohort 2 small arena Mut Pair,C2 small Mut Pair,1
119,session_0119.mat,session_0119.mat,session_0119.mat,files2run,session_0702,3.70776e+09 2 1 1 2 1,M_M,MUT,freely_moving_dyad,none,none,0,S,small,2;2,MUT,MUT,,2,2,1;2,0.9481;0.9523,ok,,57599,13,2,1,57599x13x2,0,0,15996434,1,1,,1,1,,04-Jun-2026 16:32:14,ALLPAIRS-Feb2025.mat,foundation_v2_label_safe,paper/run_01_manifest.m,M_M,M_M,M_M,Mut Pair,Mut Pair,freely_moving_dyad,freely_moving_dyad,Freely moving dyad,Mut Pair,Small arena,Freely moving dyad,None,None,cohort2,Cohort 2 small arena Mut Pair,C2,cohort2:M_M,C2 Mut Pair,user_2026_06_25,,block1_small_free_dyad_primary,Block 1 small arena primary dyads,0,1,0,0,0,0,small:M_M,Small arena Mut Pair,cohort2|small|M_M,Cohort 2 small arena Mut Pair,C2 small Mut Pair,1
120,session_0120.mat,session_0120.mat,session_0120.mat,files2run,session_0703,3.70776e+09 2 1 1 3 1,M_M,MUT,freely_moving_dyad,none,none,0,S,small,2;2,MUT,MUT,,2,2,1;2,0.9708;0.9633,ok,,57599,13,2,1,57599x13x2,0,0,16261339,1,1,,1,1,,04-Jun-2026 16:32:14,ALLPAIRS-Feb2025.mat,foundation_v2_label_safe,paper/run_01_manifest.m,M_M,M_M,M_M,Mut Pair,Mut Pair,freely_moving_dyad,freely_moving_dyad,Freely moving dyad,Mut Pair,Small arena,Freely moving dyad,None,None,cohort2,Cohort 2 small arena Mut Pair,C2,cohort2:M_M,C2 Mut Pair,user_2026_06_25,,block1_small_free_dyad_primary,Block 1 small arena primary dyads,0,1,0,0,0,0,small:M_M,Small arena Mut Pair,cohort2|small|M_M,Cohort 2 small arena Mut Pair,C2 small Mut Pair,1
121,session_0121.mat,session_0121.mat,session_0121.mat,files2run,session_0704,3.70776e+09 2 1 1 4 1,M_M,MUT,freely_moving_dyad,none,none,0,S,small,2;2,MUT,MUT,,2,2,1;2,0.9284;0.9411,ok,,57599,13,2,1,57599x13x2,0,0,15780043,1,1,,1,1,,04-Jun-2026 16:32:14,ALLPAIRS-Feb2025.mat,foundation_v2_label_safe,paper/run_01_manifest.m,M_M,M_M,M_M,Mut Pair,Mut Pair,freely_moving_dyad,freely_moving_dyad,Freely moving dyad,Mut Pair,Small arena,Freely moving dyad,None,None,cohort2,Cohort 2 small arena Mut Pair,C2,cohort2:M_M,C2 Mut Pair,user_2026_06_25,,block1_small_free_dyad_primary,Block 1 small arena primary dyads,0,1,0,0,0,0,small:M_M,Small arena Mut Pair,cohort2|small|M_M,Cohort 2 small arena Mut Pair,C2 small Mut Pair,1
122,session_0122.mat,session_0122.mat,session_0122.mat,files2run,session_0705,3.70776e+09 2 1 1 5 1,M_M,MUT,freely_moving_dyad,none,none,0,S,small,2;2,MUT,MUT,,2,2,1;2,0.9692;0.9711,ok,,57599,13,2,1,57599x13x2,0,0,16136008,1,1,,1,1,,04-Jun-2026 16:32:14,ALLPAIRS-Feb2025.mat,foundation_v2_label_safe,paper/run_01_manifest.m,M_M,M_M,M_M,Mut Pair,Mut Pair,freely_moving_dyad,freely_moving_dyad,Freely moving dyad,Mut Pair,Small arena,Freely moving dyad,None,None,cohort2,Cohort 2 small arena Mut Pair,C2,cohort2:M_M,C2 Mut Pair,user_2026_06_25,,block1_small_free_dyad_primary,Block 1 small arena primary dyads,0,1,0,0,0,0,small:M_M,Small arena Mut Pair,cohort2|small|M_M,Cohort 2 small arena Mut Pair,C2 small Mut Pair,1
123,session_0123.mat,session_0123.mat,session_0123.mat,files2run,session_0706,3.70776e+09 2 1 1 6 1,M_M,MUT,freely_moving_dyad,none,none,0,S,small,2;2,MUT,MUT,,2,2,1;2,0.9687;0.9723,ok,,57599,13,2,1,57599x13x2,0,0,16290564,1,1,,1,1,,04-Jun-2026 16:32:15,ALLPAIRS-Feb2025.mat,foundation_v2_label_safe,paper/run_01_manifest.m,M_M,M_M,M_M,Mut Pair,Mut Pair,freely_moving_dyad,freely_moving_dyad,Freely moving dyad,Mut Pair,Small arena,Freely moving dyad,None,None,cohort2,Cohort 2 small arena Mut Pair,C2,cohort2:M_M,C2 Mut Pair,user_2026_06_25,,block1_small_free_dyad_primary,Block 1 small arena primary dyads,0,1,0,0,0,0,small:M_M,Small arena Mut Pair,cohort2|small|M_M,Cohort 2 small arena Mut Pair,C2 small Mut Pair,1
124,session_0124.mat,session_0124.mat,session_0124.mat,files2run,session_0707,3.70776e+09 2 1 1 7 1,M_M,MUT,freely_moving_dyad,none,none,0,S,small,2;2,MUT,MUT,,2,2,1;2,0.9901;0.9904,ok,,57599,13,2,1,57599x13x2,0,0,16465625,1,1,,1,1,,04-Jun-2026 16:32:15,ALLPAIRS-Feb2025.mat,foundation_v2_label_safe,paper/run_01_manifest.m,M_M,M_M,M_M,Mut Pair,Mut Pair,freely_moving_dyad,freely_moving_dyad,Freely moving dyad,Mut Pair,Small arena,Freely moving dyad,None,None,cohort2,Cohort 2 small arena Mut Pair,C2,cohort2:M_M,C2 Mut Pair,user_2026_06_25,,block1_small_free_dyad_primary,Block 1 small arena primary dyads,0,1,0,0,0,0,small:M_M,Small arena Mut Pair,cohort2|small|M_M,Cohort 2 small arena Mut Pair,C2 small Mut Pair,1
125,session_0125.mat,session_0125.mat,session_0125.mat,files2run,session_0708,3.70776e+09 2 1 1 8 1,M_M,MUT,freely_moving_dyad,none,none,0,S,small,2;2,MUT,MUT,,2,2,1;2,0.9589;0.9689,ok,,57599,13,2,1,57599x13x2,0,0,16498642,1,1,,1,1,,04-Jun-2026 16:32:15,ALLPAIRS-Feb2025.mat,foundation_v2_label_safe,paper/run_01_manifest.m,M_M,M_M,M_M,Mut Pair,Mut Pair,freely_moving_dyad,freely_moving_dyad,Freely moving dyad,Mut Pair,Small arena,Freely moving dyad,None,None,cohort2,Cohort 2 small arena Mut Pair,C2,cohort2:M_M,C2 Mut Pair,user_2026_06_25,,block1_small_free_dyad_primary,Block 1 small arena primary dyads,0,1,0,0,0,0,small:M_M,Small arena Mut Pair,cohort2|small|M_M,Cohort 2 small arena Mut Pair,C2 small Mut Pair,1
126,session_0126.mat,session_0126.mat,session_0126.mat,files2run,session_0709,3.70776e+09 2 1 1 9 1,M_M,MUT,freely_moving_dyad,none,none,0,S,small,2;2,MUT,MUT,,2,2,1;2,0.9784;0.9598,ok,,57599,13,2,1,57599x13x2,0,0,15929047,1,1,,1,1,,04-Jun-2026 16:32:15,ALLPAIRS-Feb2025.mat,foundation_v2_label_safe,paper/run_01_manifest.m,M_M,M_M,M_M,Mut Pair,Mut Pair,freely_moving_dyad,freely_moving_dyad,Freely moving dyad,Mut Pair,Small arena,Freely moving dyad,None,None,cohort2,Cohort 2 small arena Mut Pair,C2,cohort2:M_M,C2 Mut Pair,user_2026_06_25,,block1_small_free_dyad_primary,Block 1 small arena primary dyads,0,1,0,0,0,0,small:M_M,Small arena Mut Pair,cohort2|small|M_M,Cohort 2 small arena Mut Pair,C2 small Mut Pair,1
127,session_0127.mat,session_0127.mat,session_0127.mat,files2run,session_0710,3.70776e+09 2 1 1 10 1,M_M,MUT,freely_moving_dyad,none,none,0,S,small,2;2,MUT,MUT,,2,2,1;2,0.972;0.9762,ok,,57599,13,2,1,57599x13x2,0,0,16262469,1,1,,1,1,,04-Jun-2026 16:32:16,ALLPAIRS-Feb2025.mat,foundation_v2_label_safe,paper/run_01_manifest.m,M_M,M_M,M_M,Mut Pair,Mut Pair,freely_moving_dyad,freely_moving_dyad,Freely moving dyad,Mut Pair,Small arena,Freely moving dyad,None,None,cohort2,Cohort 2 small arena Mut Pair,C2,cohort2:M_M,C2 Mut Pair,user_2026_06_25,,block1_small_free_dyad_primary,Block 1 small arena primary dyads,0,1,0,0,0,0,small:M_M,Small arena Mut Pair,cohort2|small|M_M,Cohort 2 small arena Mut Pair,C2 small Mut Pair,1
128,session_0128.mat,session_0128.mat,session_0128.mat,files2run,session_0711,3.70776e+09 2 1 1 11 1,M_M,MUT,freely_moving_dyad,none,none,0,S,small,2;2,MUT,MUT,,2,2,1;2,0.9758;0.9747,ok,,57599,13,2,1,57599x13x2,0,0,16182858,1,1,,1,1,,04-Jun-2026 16:32:17,ALLPAIRS-Feb2025.mat,foundation_v2_label_safe,paper/run_01_manifest.m,M_M,M_M,M_M,Mut Pair,Mut Pair,freely_moving_dyad,freely_moving_dyad,Freely moving dyad,Mut Pair,Small arena,Freely moving dyad,None,None,cohort2,Cohort 2 small arena Mut Pair,C2,cohort2:M_M,C2 Mut Pair,user_2026_06_25,,block1_small_free_dyad_primary,Block 1 small arena primary dyads,0,1,0,0,0,0,small:M_M,Small arena Mut Pair,cohort2|small|M_M,Cohort 2 small arena Mut Pair,C2 small Mut Pair,1
129,session_0129.mat,session_0129.mat,session_0129.mat,files2run,session_0712,3.70776e+09 2 1 1 12 1,M_M,MUT,freely_moving_dyad,none,none,0,S,small,2;2,MUT,MUT,,2,2,1;2,0.9678;0.9671,ok,,57599,13,2,1,57599x13x2,0,0,16422695,1,1,,1,1,,04-Jun-2026 16:32:16,ALLPAIRS-Feb2025.mat,foundation_v2_label_safe,paper/run_01_manifest.m,M_M,M_M,M_M,Mut Pair,Mut Pair,freely_moving_dyad,freely_moving_dyad,Freely moving dyad,Mut Pair,Small arena,Freely moving dyad,None,None,cohort2,Cohort 2 small arena Mut Pair,C2,cohort2:M_M,C2 Mut Pair,user_2026_06_25,,block1_small_free_dyad_primary,Block 1 small arena primary dyads,0,1,0,0,0,0,small:M_M,Small arena Mut Pair,cohort2|small|M_M,Cohort 2 small arena Mut Pair,C2 small Mut Pair,1
130,session_0130.mat,session_0130.mat,session_0130.mat,files2run,session_0501,0501,WT_DCZPFC,WT,chemogenetic_context,DCZ,PFC,0,S,small,1;3,WT,WT_DREADD_PFC,,2,2,1;2,0.9703;0.9684,ok,,57599,13,2,1,57599x13x2,0,0,15276908,1,1,,1,1,,04-Jun-2026 16:32:17,ALLPAIRS-Feb2025.mat,foundation_v2_label_safe,paper/run_01_manifest.m,WT_DCZPFC,WT_DCZPFC,WT_DCZPFC,WT DCZ PFC,WT DCZ PFC,pfc_chemogenetic,pfc_chemogenetic,PFC chemogenetic,WT + WT DREADD PFC,Small arena,Chemogenetic context,DCZ,PFC,cohort3,Cohort 3 small arena WT DCZ PFC,C3,cohort3:WT_DCZPFC,C3 WT DCZ PFC,user_2026_06_25,,cohort3_pfc_chemogenetic,Cohort 3 PFC chemogenetic contrast,0,0,0,0,1,0,small:WT_DCZPFC,Small arena WT DCZ PFC,cohort3|small|WT_DCZPFC,Cohort 3 small arena WT DCZ PFC,C3 small WT DCZ PFC,1
131,session_0131.mat,session_0131.mat,session_0131.mat,files2run,session_0502,0502,WT_DCZPFC,WT,chemogenetic_context,DCZ,PFC,0,S,small,1;3,WT,WT_DREADD_PFC,,2,2,1;2,0.9619;0.9639,ok,,57599,13,2,1,57599x13x2,0,0,15383699,1,1,,1,1,,04-Jun-2026 16:32:17,ALLPAIRS-Feb2025.mat,foundation_v2_label_safe,paper/run_01_manifest.m,WT_DCZPFC,WT_DCZPFC,WT_DCZPFC,WT DCZ PFC,WT DCZ PFC,pfc_chemogenetic,pfc_chemogenetic,PFC chemogenetic,WT + WT DREADD PFC,Small arena,Chemogenetic context,DCZ,PFC,cohort3,Cohort 3 small arena WT DCZ PFC,C3,cohort3:WT_DCZPFC,C3 WT DCZ PFC,user_2026_06_25,,cohort3_pfc_chemogenetic,Cohort 3 PFC chemogenetic contrast,0,0,0,0,1,0,small:WT_DCZPFC,Small arena WT DCZ PFC,cohort3|small|WT_DCZPFC,Cohort 3 small arena WT DCZ PFC,C3 small WT DCZ PFC,1
132,session_0132.mat,session_0132.mat,session_0132.mat,files2run,session_0503,0503,WT_DCZPFC,WT,chemogenetic_context,DCZ,PFC,0,S,small,1;3,WT,WT_DREADD_PFC,,2,2,1;2,0.9496;0.9506,ok,,57599,13,2,1,57599x13x2,0,0,14983636,1,1,,1,1,,04-Jun-2026 16:32:18,ALLPAIRS-Feb2025.mat,foundation_v2_label_safe,paper/run_01_manifest.m,WT_DCZPFC,WT_DCZPFC,WT_DCZPFC,WT DCZ PFC,WT DCZ PFC,pfc_chemogenetic,pfc_chemogenetic,PFC chemogenetic,WT + WT DREADD PFC,Small arena,Chemogenetic context,DCZ,PFC,cohort3,Cohort 3 small arena WT DCZ PFC,C3,cohort3:WT_DCZPFC,C3 WT DCZ PFC,user_2026_06_25,,cohort3_pfc_chemogenetic,Cohort 3 PFC chemogenetic contrast,0,0,0,0,1,0,small:WT_DCZPFC,Small arena WT DCZ PFC,cohort3|small|WT_DCZPFC,Cohort 3 small arena WT DCZ PFC,C3 small WT DCZ PFC,1
133,session_0133.mat,session_0133.mat,session_0133.mat,files2run,session_0504,0504,WT_DCZPFC,WT,chemogenetic_context,DCZ,PFC,0,S,small,1;3,WT,WT_DREADD_PFC,,2,2,1;2,0.9608;0.9587,ok,,57599,13,2,1,57599x13x2,0,0,15532559,1,1,,1,1,,04-Jun-2026 16:32:18,ALLPAIRS-Feb2025.mat,foundation_v2_label_safe,paper/run_01_manifest.m,WT_DCZPFC,WT_DCZPFC,WT_DCZPFC,WT DCZ PFC,WT DCZ PFC,pfc_chemogenetic,pfc_chemogenetic,PFC chemogenetic,WT + WT DREADD PFC,Small arena,Chemogenetic context,DCZ,PFC,cohort3,Cohort 3 small arena WT DCZ PFC,C3,cohort3:WT_DCZPFC,C3 WT DCZ PFC,user_2026_06_25,,cohort3_pfc_chemogenetic,Cohort 3 PFC chemogenetic contrast,0,0,0,0,1,0,small:WT_DCZPFC,Small arena WT DCZ PFC,cohort3|small|WT_DCZPFC,Cohort 3 small arena WT DCZ PFC,C3 small WT DCZ PFC,1
134,session_0134.mat,session_0134.mat,session_0134.mat,files2run,session_0505,0505,WT_DCZPFC,WT,chemogenetic_context,DCZ,PFC,0,S,small,1;3,WT,WT_DREADD_PFC,,2,2,1;2,0.9537;0.9563,ok,,57599,13,2,1,57599x13x2,0,0,14831777,1,1,,1,1,,04-Jun-2026 16:32:18,ALLPAIRS-Feb2025.mat,foundation_v2_label_safe,paper/run_01_manifest.m,WT_DCZPFC,WT_DCZPFC,WT_DCZPFC,WT DCZ PFC,WT DCZ PFC,pfc_chemogenetic,pfc_chemogenetic,PFC chemogenetic,WT + WT DREADD PFC,Small arena,Chemogenetic context,DCZ,PFC,cohort3,Cohort 3 small arena WT DCZ PFC,C3,cohort3:WT_DCZPFC,C3 WT DCZ PFC,user_2026_06_25,,cohort3_pfc_chemogenetic,Cohort 3 PFC chemogenetic contrast,0,0,0,0,1,0,small:WT_DCZPFC,Small arena WT DCZ PFC,cohort3|small|WT_DCZPFC,Cohort 3 small arena WT DCZ PFC,C3 small WT DCZ PFC,1
135,session_0135.mat,session_0135.mat,session_0135.mat,files2run,session_0506,0506,WT_DCZPFC,WT,chemogenetic_context,DCZ,PFC,0,S,small,1;3,WT,WT_DREADD_PFC,,2,2,1;2,0.9692;0.9681,ok,,57599,13,2,1,57599x13x2,0,0,15317551,1,1,,1,1,,04-Jun-2026 16:32:19,ALLPAIRS-Feb2025.mat,foundation_v2_label_safe,paper/run_01_manifest.m,WT_DCZPFC,WT_DCZPFC,WT_DCZPFC,WT DCZ PFC,WT DCZ PFC,pfc_chemogenetic,pfc_chemogenetic,PFC chemogenetic,WT + WT DREADD PFC,Small arena,Chemogenetic context,DCZ,PFC,cohort3,Cohort 3 small arena WT DCZ PFC,C3,cohort3:WT_DCZPFC,C3 WT DCZ PFC,user_2026_06_25,,cohort3_pfc_chemogenetic,Cohort 3 PFC chemogenetic contrast,0,0,0,0,1,0,small:WT_DCZPFC,Small arena WT DCZ PFC,cohort3|small|WT_DCZPFC,Cohort 3 small arena WT DCZ PFC,C3 small WT DCZ PFC,1
136,session_0136.mat,session_0136.mat,session_0136.mat,files2run,session_0507,0507,WT_DCZPFC,WT,chemogenetic_context,DCZ,PFC,0,S,small,1;3,WT,WT_DREADD_PFC,,2,2,1;2,0.9768;0.9769,ok,,57599,13,2,1,57599x13x2,0,0,14825798,1,1,,1,1,,04-Jun-2026 16:32:19,ALLPAIRS-Feb2025.mat,foundation_v2_label_safe,paper/run_01_manifest.m,WT_DCZPFC,WT_DCZPFC,WT_DCZPFC,WT DCZ PFC,WT DCZ PFC,pfc_chemogenetic,pfc_chemogenetic,PFC chemogenetic,WT + WT DREADD PFC,Small arena,Chemogenetic context,DCZ,PFC,cohort3,Cohort 3 small arena WT DCZ PFC,C3,cohort3:WT_DCZPFC,C3 WT DCZ PFC,user_2026_06_25,,cohort3_pfc_chemogenetic,Cohort 3 PFC chemogenetic contrast,0,0,0,0,1,0,small:WT_DCZPFC,Small arena WT DCZ PFC,cohort3|small|WT_DCZPFC,Cohort 3 small arena WT DCZ PFC,C3 small WT DCZ PFC,1
137,session_0137.mat,session_0137.mat,session_0137.mat,files2run,session_0508,0508,WT_DCZPFC,WT,chemogenetic_context,DCZ,PFC,0,S,small,1;3,WT,WT_DREADD_PFC,,2,2,1;2,0.9517;0.952,ok,,57599,13,2,1,57599x13x2,0,0,14608858,1,1,,1,1,,04-Jun-2026 16:32:19,ALLPAIRS-Feb2025.mat,foundation_v2_label_safe,paper/run_01_manifest.m,WT_DCZPFC,WT_DCZPFC,WT_DCZPFC,WT DCZ PFC,WT DCZ PFC,pfc_chemogenetic,pfc_chemogenetic,PFC chemogenetic,WT + WT DREADD PFC,Small arena,Chemogenetic context,DCZ,PFC,cohort3,Cohort 3 small arena WT DCZ PFC,C3,cohort3:WT_DCZPFC,C3 WT DCZ PFC,user_2026_06_25,,cohort3_pfc_chemogenetic,Cohort 3 PFC chemogenetic contrast,0,0,0,0,1,0,small:WT_DCZPFC,Small arena WT DCZ PFC,cohort3|small|WT_DCZPFC,Cohort 3 small arena WT DCZ PFC,C3 small WT DCZ PFC,1
138,session_0138.mat,session_0138.mat,session_0138.mat,files2run,session_0509,0509,WT_DCZPFC,WT,chemogenetic_context,DCZ,PFC,0,S,small,1;3,WT,WT_DREADD_PFC,,2,2,1;2,0.9718;0.9715,ok,,57599,13,2,1,57599x13x2,0,0,15332904,1,1,,1,1,,04-Jun-2026 16:32:19,ALLPAIRS-Feb2025.mat,foundation_v2_label_safe,paper/run_01_manifest.m,WT_DCZPFC,WT_DCZPFC,WT_DCZPFC,WT DCZ PFC,WT DCZ PFC,pfc_chemogenetic,pfc_chemogenetic,PFC chemogenetic,WT + WT DREADD PFC,Small arena,Chemogenetic context,DCZ,PFC,cohort3,Cohort 3 small arena WT DCZ PFC,C3,cohort3:WT_DCZPFC,C3 WT DCZ PFC,user_2026_06_25,,cohort3_pfc_chemogenetic,Cohort 3 PFC chemogenetic contrast,0,0,0,0,1,0,small:WT_DCZPFC,Small arena WT DCZ PFC,cohort3|small|WT_DCZPFC,Cohort 3 small arena WT DCZ PFC,C3 small WT DCZ PFC,1
139,session_0139.mat,session_0139.mat,session_0139.mat,files2run,session_0510,0510,WT_DCZPFC,WT,chemogenetic_context,DCZ,PFC,0,S,small,1;3,WT,WT_DREADD_PFC,,2,2,1;2,0.9616;0.9617,ok,,57599,13,2,1,57599x13x2,0,0,15074677,1,1,,1,1,,04-Jun-2026 16:32:19,ALLPAIRS-Feb2025.mat,foundation_v2_label_safe,paper/run_01_manifest.m,WT_DCZPFC,WT_DCZPFC,WT_DCZPFC,WT DCZ PFC,WT DCZ PFC,pfc_chemogenetic,pfc_chemogenetic,PFC chemogenetic,WT + WT DREADD PFC,Small arena,Chemogenetic context,DCZ,PFC,cohort3,Cohort 3 small arena WT DCZ PFC,C3,cohort3:WT_DCZPFC,C3 WT DCZ PFC,user_2026_06_25,,cohort3_pfc_chemogenetic,Cohort 3 PFC chemogenetic contrast,0,0,0,0,1,0,small:WT_DCZPFC,Small arena WT DCZ PFC,cohort3|small|WT_DCZPFC,Cohort 3 small arena WT DCZ PFC,C3 small WT DCZ PFC,1
140,session_0140.mat,session_0140.mat,session_0140.mat,files2run,session_0511,0511,WT_WT,WT,freely_moving_dyad,none,none,0,S,small,1;1,WT,WT,,2,2,1;2,0.9603;0.9601,ok,,57599,13,2,1,57599x13x2,0,0,15248033,1,1,,1,1,,04-Jun-2026 16:32:20,ALLPAIRS-Feb2025.mat,foundation_v2_label_safe,paper/run_01_manifest.m,WT_WT,WT_WT,WT_WT,WT Pair,WT Pair,freely_moving_dyad,freely_moving_dyad,Freely moving dyad,WT Pair,Small arena,Freely moving dyad,None,None,cohort3,Cohort 3 small arena WT Pair reference early,C3,cohort3:WT_WT,C3 WT Pair,user_2026_06_25,,cohort3_pfc_chemogenetic,Cohort 3 PFC chemogenetic contrast,0,0,0,0,0,0,small:WT_WT,Small arena WT Pair,cohort3|small|WT_WT,Cohort 3 small arena WT Pair reference early,C3 small WT Pair,1
141,session_0141.mat,session_0141.mat,session_0141.mat,files2run,session_0512,0512,WT_WT,WT,freely_moving_dyad,none,none,0,S,small,1;1,WT,WT,,2,2,1;2,0.955;0.9549,ok,,57599,13,2,1,57599x13x2,0,0,14917470,1,1,,1,1,,04-Jun-2026 16:32:20,ALLPAIRS-Feb2025.mat,foundation_v2_label_safe,paper/run_01_manifest.m,WT_WT,WT_WT,WT_WT,WT Pair,WT Pair,freely_moving_dyad,freely_moving_dyad,Freely moving dyad,WT Pair,Small arena,Freely moving dyad,None,None,cohort3,Cohort 3 small arena WT Pair reference early,C3,cohort3:WT_WT,C3 WT Pair,user_2026_06_25,,cohort3_pfc_chemogenetic,Cohort 3 PFC chemogenetic contrast,0,0,0,0,0,0,small:WT_WT,Small arena WT Pair,cohort3|small|WT_WT,Cohort 3 small arena WT Pair reference early,C3 small WT Pair,1
142,session_0142.mat,session_0142.mat,session_0142.mat,files2run,session_0513,0513,WT_WT,WT,freely_moving_dyad,none,none,0,S,small,1;1,WT,WT,,2,2,1;2,0.9638;0.9622,ok,,57599,13,2,1,57599x13x2,0,0,15621290,1,1,,1,1,,04-Jun-2026 16:32:20,ALLPAIRS-Feb2025.mat,foundation_v2_label_safe,paper/run_01_manifest.m,WT_WT,WT_WT,WT_WT,WT Pair,WT Pair,freely_moving_dyad,freely_moving_dyad,Freely moving dyad,WT Pair,Small arena,Freely moving dyad,None,None,cohort3,Cohort 3 small arena WT Pair reference early,C3,cohort3:WT_WT,C3 WT Pair,user_2026_06_25,,cohort3_pfc_chemogenetic,Cohort 3 PFC chemogenetic contrast,0,0,0,0,0,0,small:WT_WT,Small arena WT Pair,cohort3|small|WT_WT,Cohort 3 small arena WT Pair reference early,C3 small WT Pair,1
143,session_0143.mat,session_0143.mat,session_0143.mat,files2run,session_0514,0514,WT_WT,WT,freely_moving_dyad,none,none,0,S,small,1;1,WT,WT,,2,2,1;2,0.9601;0.9507,ok,,57599,13,2,1,57599x13x2,0,0,15384767,1,1,,1,1,,04-Jun-2026 16:32:20,ALLPAIRS-Feb2025.mat,foundation_v2_label_safe,paper/run_01_manifest.m,WT_WT,WT_WT,WT_WT,WT Pair,WT Pair,freely_moving_dyad,freely_moving_dyad,Freely moving dyad,WT Pair,Small arena,Freely moving dyad,None,None,cohort3,Cohort 3 small arena WT Pair reference early,C3,cohort3:WT_WT,C3 WT Pair,user_2026_06_25,,cohort3_pfc_chemogenetic,Cohort 3 PFC chemogenetic contrast,0,0,0,0,0,0,small:WT_WT,Small arena WT Pair,cohort3|small|WT_WT,Cohort 3 small arena WT Pair reference early,C3 small WT Pair,1
144,session_0144.mat,session_0144.mat,session_0144.mat,files2run,session_0515,0515,WT_WT,WT,freely_moving_dyad,none,none,0,S,small,1;1,WT,WT,,2,2,1;2,0.9614;0.9619,ok,,57599,13,2,1,57599x13x2,0,0,15905344,1,1,,1,1,,04-Jun-2026 16:32:20,ALLPAIRS-Feb2025.mat,foundation_v2_label_safe,paper/run_01_manifest.m,WT_WT,WT_WT,WT_WT,WT Pair,WT Pair,freely_moving_dyad,freely_moving_dyad,Freely moving dyad,WT Pair,Small arena,Freely moving dyad,None,None,cohort3,Cohort 3 small arena WT Pair reference early,C3,cohort3:WT_WT,C3 WT Pair,user_2026_06_25,,cohort3_pfc_chemogenetic,Cohort 3 PFC chemogenetic contrast,0,0,0,0,0,0,small:WT_WT,Small arena WT Pair,cohort3|small|WT_WT,Cohort 3 small arena WT Pair reference early,C3 small WT Pair,1
145,session_0145.mat,session_0145.mat,session_0145.mat,files2run,session_0516,0516,WT_WT,WT,freely_moving_dyad,none,none,0,S,small,1;1,WT,WT,,2,2,1;2,0.9591;0.9569,ok,,57599,13,2,1,57599x13x2,0,0,15338757,1,1,,1,1,,04-Jun-2026 16:32:21,ALLPAIRS-Feb2025.mat,foundation_v2_label_safe,paper/run_01_manifest.m,WT_WT,WT_WT,WT_WT,WT Pair,WT Pair,freely_moving_dyad,freely_moving_dyad,Freely moving dyad,WT Pair,Small arena,Freely moving dyad,None,None,cohort3,Cohort 3 small arena WT Pair reference early,C3,cohort3:WT_WT,C3 WT Pair,user_2026_06_25,,cohort3_pfc_chemogenetic,Cohort 3 PFC chemogenetic contrast,0,0,0,0,0,0,small:WT_WT,Small arena WT Pair,cohort3|small|WT_WT,Cohort 3 small arena WT Pair reference early,C3 small WT Pair,1
146,session_0146.mat,session_0146.mat,session_0146.mat,files2run,session_0517,0517,WT_WT,WT,freely_moving_dyad,none,none,0,S,small,1;1,WT,WT,,2,2,1;2,0.9667;0.9646,ok,,57599,13,2,1,57599x13x2,0,0,15219103,1,1,,1,1,,04-Jun-2026 16:32:21,ALLPAIRS-Feb2025.mat,foundation_v2_label_safe,paper/run_01_manifest.m,WT_WT,WT_WT,WT_WT,WT Pair,WT Pair,freely_moving_dyad,freely_moving_dyad,Freely moving dyad,WT Pair,Small arena,Freely moving dyad,None,None,cohort3,Cohort 3 small arena WT Pair reference early,C3,cohort3:WT_WT,C3 WT Pair,user_2026_06_25,,cohort3_pfc_chemogenetic,Cohort 3 PFC chemogenetic contrast,0,0,0,0,0,0,small:WT_WT,Small arena WT Pair,cohort3|small|WT_WT,Cohort 3 small arena WT Pair reference early,C3 small WT Pair,1
147,session_0147.mat,session_0147.mat,session_0147.mat,files2run,session_0518,0518,WT_WT,WT,freely_moving_dyad,none,none,0,S,small,1;1,WT,WT,,2,2,1;2,0.9674;0.966,ok,,57599,13,2,1,57599x13x2,0,0,14841825,1,1,,1,1,,04-Jun-2026 16:32:22,ALLPAIRS-Feb2025.mat,foundation_v2_label_safe,paper/run_01_manifest.m,WT_WT,WT_WT,WT_WT,WT Pair,WT Pair,freely_moving_dyad,freely_moving_dyad,Freely moving dyad,WT Pair,Small arena,Freely moving dyad,None,None,cohort3,Cohort 3 small arena WT Pair reference early,C3,cohort3:WT_WT,C3 WT Pair,user_2026_06_25,,cohort3_pfc_chemogenetic,Cohort 3 PFC chemogenetic contrast,0,0,0,0,0,0,small:WT_WT,Small arena WT Pair,cohort3|small|WT_WT,Cohort 3 small arena WT Pair reference early,C3 small WT Pair,1
148,session_0148.mat,session_0148.mat,session_0148.mat,files2run,session_0519,0519,WT_WT,WT,freely_moving_dyad,none,none,0,S,small,1;1,WT,WT,,2,2,1;2,0.9737;0.974,ok,,57599,13,2,1,57599x13x2,0,0,15592066,1,1,,1,1,,04-Jun-2026 16:32:22,ALLPAIRS-Feb2025.mat,foundation_v2_label_safe,paper/run_01_manifest.m,WT_WT,WT_WT,WT_WT,WT Pair,WT Pair,freely_moving_dyad,freely_moving_dyad,Freely moving dyad,WT Pair,Small arena,Freely moving dyad,None,None,cohort3,Cohort 3 small arena WT Pair reference early,C3,cohort3:WT_WT,C3 WT Pair,user_2026_06_25,,cohort3_pfc_chemogenetic,Cohort 3 PFC chemogenetic contrast,0,0,0,0,0,0,small:WT_WT,Small arena WT Pair,cohort3|small|WT_WT,Cohort 3 small arena WT Pair reference early,C3 small WT Pair,1
149,session_0149.mat,session_0149.mat,session_0149.mat,files2run,session_0520,0520,WT_WT,WT,freely_moving_dyad,none,none,0,S,small,1;1,WT,WT,,2,2,1;2,0.9813;0.9787,ok,,57599,13,2,1,57599x13x2,0,0,15690958,1,1,,1,1,,04-Jun-2026 16:32:23,ALLPAIRS-Feb2025.mat,foundation_v2_label_safe,paper/run_01_manifest.m,WT_WT,WT_WT,WT_WT,WT Pair,WT Pair,freely_moving_dyad,freely_moving_dyad,Freely moving dyad,WT Pair,Small arena,Freely moving dyad,None,None,cohort3,Cohort 3 small arena WT Pair reference early,C3,cohort3:WT_WT,C3 WT Pair,user_2026_06_25,,cohort3_pfc_chemogenetic,Cohort 3 PFC chemogenetic contrast,0,0,0,0,0,0,small:WT_WT,Small arena WT Pair,cohort3|small|WT_WT,Cohort 3 small arena WT Pair reference early,C3 small WT Pair,1
150,session_0150.mat,session_0150.mat,session_0150.mat,files2run,session_0521,0521,WT_DCZDCN,WT,chemogenetic_context,DCZ,DCN,0,S,small,1;4,WT,WT_DREADD_DCN,,2,2,1;2,0.9695;0.9665,ok,,57599,13,2,1,57599x13x2,0,0,15159413,1,1,,1,1,,04-Jun-2026 16:32:22,ALLPAIRS-Feb2025.mat,foundation_v2_label_safe,paper/run_01_manifest.m,WT_DCZDCN,WT_DCZDCN,WT_DCZDCN,WT DCZ DCN,WT DCZ DCN,dcn_chemogenetic,dcn_chemogenetic,DCN chemogenetic,WT + WT DREADD DCN,Small arena,Chemogenetic context,DCZ,DCN,cohort3_dcn_extension,Cohort 3 DCN extension small arena WT DCZ DCN,C3 DCN,cohort3_dcn_extension:WT_DCZDCN,C3 DCN WT DCZ DCN,user_2026_06_25,DCN chemogenetic group present in raw data; documented outside PFC contrast,cohort3_dcn_chemogenetic,Cohort 3 DCN chemogenetic extension,0,0,0,0,0,1,small:WT_DCZDCN,Small arena WT DCZ DCN,cohort3_dcn_extension|small|WT_DCZDCN,Cohort 3 DCN extension small arena WT DCZ DCN,C3 DCN small WT DCZ DCN,1
151,session_0151.mat,session_0151.mat,session_0151.mat,files2run,session_0522,0522,WT_DCZDCN,WT,chemogenetic_context,DCZ,DCN,0,S,small,1;4,WT,WT_DREADD_DCN,,2,2,1;2,0.9477;0.9479,ok,,57599,13,2,1,57599x13x2,0,0,15003439,1,1,,1,1,,04-Jun-2026 16:32:23,ALLPAIRS-Feb2025.mat,foundation_v2_label_safe,paper/run_01_manifest.m,WT_DCZDCN,WT_DCZDCN,WT_DCZDCN,WT DCZ DCN,WT DCZ DCN,dcn_chemogenetic,dcn_chemogenetic,DCN chemogenetic,WT + WT DREADD DCN,Small arena,Chemogenetic context,DCZ,DCN,cohort3_dcn_extension,Cohort 3 DCN extension small arena WT DCZ DCN,C3 DCN,cohort3_dcn_extension:WT_DCZDCN,C3 DCN WT DCZ DCN,user_2026_06_25,DCN chemogenetic group present in raw data; documented outside PFC contrast,cohort3_dcn_chemogenetic,Cohort 3 DCN chemogenetic extension,0,0,0,0,0,1,small:WT_DCZDCN,Small arena WT DCZ DCN,cohort3_dcn_extension|small|WT_DCZDCN,Cohort 3 DCN extension small arena WT DCZ DCN,C3 DCN small WT DCZ DCN,1
152,session_0152.mat,session_0152.mat,session_0152.mat,files2run,session_0523,0523,WT_DCZDCN,WT,chemogenetic_context,DCZ,DCN,0,S,small,1;4,WT,WT_DREADD_DCN,,2,2,1;2,0.9557;0.9571,ok,,57599,13,2,1,57599x13x2,0,0,14806281,1,1,,1,1,,04-Jun-2026 16:32:23,ALLPAIRS-Feb2025.mat,foundation_v2_label_safe,paper/run_01_manifest.m,WT_DCZDCN,WT_DCZDCN,WT_DCZDCN,WT DCZ DCN,WT DCZ DCN,dcn_chemogenetic,dcn_chemogenetic,DCN chemogenetic,WT + WT DREADD DCN,Small arena,Chemogenetic context,DCZ,DCN,cohort3_dcn_extension,Cohort 3 DCN extension small arena WT DCZ DCN,C3 DCN,cohort3_dcn_extension:WT_DCZDCN,C3 DCN WT DCZ DCN,user_2026_06_25,DCN chemogenetic group present in raw data; documented outside PFC contrast,cohort3_dcn_chemogenetic,Cohort 3 DCN chemogenetic extension,0,0,0,0,0,1,small:WT_DCZDCN,Small arena WT DCZ DCN,cohort3_dcn_extension|small|WT_DCZDCN,Cohort 3 DCN extension small arena WT DCZ DCN,C3 DCN small WT DCZ DCN,1
153,session_0153.mat,session_0153.mat,session_0153.mat,files2run,session_0524,0524,WT_DCZDCN,WT,chemogenetic_context,DCZ,DCN,0,S,small,1;4,WT,WT_DREADD_DCN,,2,2,1;2,0.9547;0.9519,ok,,57599,13,2,1,57599x13x2,0,0,15309178,1,1,,1,1,,04-Jun-2026 16:32:23,ALLPAIRS-Feb2025.mat,foundation_v2_label_safe,paper/run_01_manifest.m,WT_DCZDCN,WT_DCZDCN,WT_DCZDCN,WT DCZ DCN,WT DCZ DCN,dcn_chemogenetic,dcn_chemogenetic,DCN chemogenetic,WT + WT DREADD DCN,Small arena,Chemogenetic context,DCZ,DCN,cohort3_dcn_extension,Cohort 3 DCN extension small arena WT DCZ DCN,C3 DCN,cohort3_dcn_extension:WT_DCZDCN,C3 DCN WT DCZ DCN,user_2026_06_25,DCN chemogenetic group present in raw data; documented outside PFC contrast,cohort3_dcn_chemogenetic,Cohort 3 DCN chemogenetic extension,0,0,0,0,0,1,small:WT_DCZDCN,Small arena WT DCZ DCN,cohort3_dcn_extension|small|WT_DCZDCN,Cohort 3 DCN extension small arena WT DCZ DCN,C3 DCN small WT DCZ DCN,1
154,session_0154.mat,session_0154.mat,session_0154.mat,files2run,session_0525,0525,WT_DCZDCN,WT,chemogenetic_context,DCZ,DCN,0,S,small,1;4,WT,WT_DREADD_DCN,,2,2,1;2,0.9568;0.9609,ok,,57599,13,2,1,57599x13x2,0,0,15378742,1,1,,1,1,,04-Jun-2026 16:32:23,ALLPAIRS-Feb2025.mat,foundation_v2_label_safe,paper/run_01_manifest.m,WT_DCZDCN,WT_DCZDCN,WT_DCZDCN,WT DCZ DCN,WT DCZ DCN,dcn_chemogenetic,dcn_chemogenetic,DCN chemogenetic,WT + WT DREADD DCN,Small arena,Chemogenetic context,DCZ,DCN,cohort3_dcn_extension,Cohort 3 DCN extension small arena WT DCZ DCN,C3 DCN,cohort3_dcn_extension:WT_DCZDCN,C3 DCN WT DCZ DCN,user_2026_06_25,DCN chemogenetic group present in raw data; documented outside PFC contrast,cohort3_dcn_chemogenetic,Cohort 3 DCN chemogenetic extension,0,0,0,0,0,1,small:WT_DCZDCN,Small arena WT DCZ DCN,cohort3_dcn_extension|small|WT_DCZDCN,Cohort 3 DCN extension small arena WT DCZ DCN,C3 DCN small WT DCZ DCN,1
155,session_0155.mat,session_0155.mat,session_0155.mat,files2run,session_0526,0526,WT_DCZDCN,WT,chemogenetic_context,DCZ,DCN,0,S,small,1;4,WT,WT_DREADD_DCN,,2,2,1;2,0.9564;0.956,ok,,57599,13,2,1,57599x13x2,0,0,15037343,1,1,,1,1,,04-Jun-2026 16:32:24,ALLPAIRS-Feb2025.mat,foundation_v2_label_safe,paper/run_01_manifest.m,WT_DCZDCN,WT_DCZDCN,WT_DCZDCN,WT DCZ DCN,WT DCZ DCN,dcn_chemogenetic,dcn_chemogenetic,DCN chemogenetic,WT + WT DREADD DCN,Small arena,Chemogenetic context,DCZ,DCN,cohort3_dcn_extension,Cohort 3 DCN extension small arena WT DCZ DCN,C3 DCN,cohort3_dcn_extension:WT_DCZDCN,C3 DCN WT DCZ DCN,user_2026_06_25,DCN chemogenetic group present in raw data; documented outside PFC contrast,cohort3_dcn_chemogenetic,Cohort 3 DCN chemogenetic extension,0,0,0,0,0,1,small:WT_DCZDCN,Small arena WT DCZ DCN,cohort3_dcn_extension|small|WT_DCZDCN,Cohort 3 DCN extension small arena WT DCZ DCN,C3 DCN small WT DCZ DCN,1
156,session_0156.mat,session_0156.mat,session_0156.mat,files2run,session_0527,0527,WT_DCZDCN,WT,chemogenetic_context,DCZ,DCN,0,S,small,1;4,WT,WT_DREADD_DCN,,2,2,1;2,0.9517;0.9494,ok,,57599,13,2,1,57599x13x2,0,0,14957639,1,1,,1,1,,04-Jun-2026 16:32:24,ALLPAIRS-Feb2025.mat,foundation_v2_label_safe,paper/run_01_manifest.m,WT_DCZDCN,WT_DCZDCN,WT_DCZDCN,WT DCZ DCN,WT DCZ DCN,dcn_chemogenetic,dcn_chemogenetic,DCN chemogenetic,WT + WT DREADD DCN,Small arena,Chemogenetic context,DCZ,DCN,cohort3_dcn_extension,Cohort 3 DCN extension small arena WT DCZ DCN,C3 DCN,cohort3_dcn_extension:WT_DCZDCN,C3 DCN WT DCZ DCN,user_2026_06_25,DCN chemogenetic group present in raw data; documented outside PFC contrast,cohort3_dcn_chemogenetic,Cohort 3 DCN chemogenetic extension,0,0,0,0,0,1,small:WT_DCZDCN,Small arena WT DCZ DCN,cohort3_dcn_extension|small|WT_DCZDCN,Cohort 3 DCN extension small arena WT DCZ DCN,C3 DCN small WT DCZ DCN,1
157,session_0157.mat,session_0157.mat,session_0157.mat,files2run,session_0528,0528,WT_DCZDCN,WT,chemogenetic_context,DCZ,DCN,0,S,small,1;4,WT,WT_DREADD_DCN,,2,2,1;2,0.9615;0.9605,ok,,57599,13,2,1,57599x13x2,0,0,15658554,1,1,,1,1,,04-Jun-2026 16:32:24,ALLPAIRS-Feb2025.mat,foundation_v2_label_safe,paper/run_01_manifest.m,WT_DCZDCN,WT_DCZDCN,WT_DCZDCN,WT DCZ DCN,WT DCZ DCN,dcn_chemogenetic,dcn_chemogenetic,DCN chemogenetic,WT + WT DREADD DCN,Small arena,Chemogenetic context,DCZ,DCN,cohort3_dcn_extension,Cohort 3 DCN extension small arena WT DCZ DCN,C3 DCN,cohort3_dcn_extension:WT_DCZDCN,C3 DCN WT DCZ DCN,user_2026_06_25,DCN chemogenetic group present in raw data; documented outside PFC contrast,cohort3_dcn_chemogenetic,Cohort 3 DCN chemogenetic extension,0,0,0,0,0,1,small:WT_DCZDCN,Small arena WT DCZ DCN,cohort3_dcn_extension|small|WT_DCZDCN,Cohort 3 DCN extension small arena WT DCZ DCN,C3 DCN small WT DCZ DCN,1
158,session_0158.mat,session_0158.mat,session_0158.mat,files2run,session_0529,0529,WT_DCZDCN,WT,chemogenetic_context,DCZ,DCN,0,S,small,1;4,WT,WT_DREADD_DCN,,2,2,1;2,0.9525;0.9458,ok,,57599,13,2,1,57599x13x2,0,0,15572221,1,1,,1,1,,04-Jun-2026 16:32:24,ALLPAIRS-Feb2025.mat,foundation_v2_label_safe,paper/run_01_manifest.m,WT_DCZDCN,WT_DCZDCN,WT_DCZDCN,WT DCZ DCN,WT DCZ DCN,dcn_chemogenetic,dcn_chemogenetic,DCN chemogenetic,WT + WT DREADD DCN,Small arena,Chemogenetic context,DCZ,DCN,cohort3_dcn_extension,Cohort 3 DCN extension small arena WT DCZ DCN,C3 DCN,cohort3_dcn_extension:WT_DCZDCN,C3 DCN WT DCZ DCN,user_2026_06_25,DCN chemogenetic group present in raw data; documented outside PFC contrast,cohort3_dcn_chemogenetic,Cohort 3 DCN chemogenetic extension,0,0,0,0,0,1,small:WT_DCZDCN,Small arena WT DCZ DCN,cohort3_dcn_extension|small|WT_DCZDCN,Cohort 3 DCN extension small arena WT DCZ DCN,C3 DCN small WT DCZ DCN,1
159,session_0159.mat,session_0159.mat,session_0159.mat,files2run,session_0530,0530,WT_DCZDCN,WT,chemogenetic_context,DCZ,DCN,0,S,small,1;4,WT,WT_DREADD_DCN,,2,2,1;2,0.9624;0.961,ok,,57599,13,2,1,57599x13x2,0,0,15243874,1,1,,1,1,,04-Jun-2026 16:32:24,ALLPAIRS-Feb2025.mat,foundation_v2_label_safe,paper/run_01_manifest.m,WT_DCZDCN,WT_DCZDCN,WT_DCZDCN,WT DCZ DCN,WT DCZ DCN,dcn_chemogenetic,dcn_chemogenetic,DCN chemogenetic,WT + WT DREADD DCN,Small arena,Chemogenetic context,DCZ,DCN,cohort3_dcn_extension,Cohort 3 DCN extension small arena WT DCZ DCN,C3 DCN,cohort3_dcn_extension:WT_DCZDCN,C3 DCN WT DCZ DCN,user_2026_06_25,DCN chemogenetic group present in raw data; documented outside PFC contrast,cohort3_dcn_chemogenetic,Cohort 3 DCN chemogenetic extension,0,0,0,0,0,1,small:WT_DCZDCN,Small arena WT DCZ DCN,cohort3_dcn_extension|small|WT_DCZDCN,Cohort 3 DCN extension small arena WT DCZ DCN,C3 DCN small WT DCZ DCN,1
160,session_0160.mat,session_0160.mat,session_0160.mat,files2run,session_0531,0531,WT_WT,WT,freely_moving_dyad,none,none,0,S,small,1;1,WT,WT,,2,2,1;2,0.9622;0.9618,ok,,57599,13,2,1,57599x13x2,0,0,14928808,1,1,,1,1,,04-Jun-2026 16:32:25,ALLPAIRS-Feb2025.mat,foundation_v2_label_safe,paper/run_01_manifest.m,WT_WT,WT_WT,WT_WT,WT Pair,WT Pair,freely_moving_dyad,freely_moving_dyad,Freely moving dyad,WT Pair,Small arena,Freely moving dyad,None,None,cohort3,Cohort 3 small arena WT Pair reference late,C3,cohort3:WT_WT,C3 WT Pair,user_2026_06_25,,cohort3_pfc_chemogenetic,Cohort 3 PFC chemogenetic contrast,0,0,0,0,0,0,small:WT_WT,Small arena WT Pair,cohort3|small|WT_WT,Cohort 3 small arena WT Pair reference late,C3 small WT Pair,1
161,session_0161.mat,session_0161.mat,session_0161.mat,files2run,session_0532,0532,WT_WT,WT,freely_moving_dyad,none,none,0,S,small,1;1,WT,WT,,2,2,1;2,0.9616;0.962,ok,,57599,13,2,1,57599x13x2,0,0,15298496,1,1,,1,1,,04-Jun-2026 16:32:26,ALLPAIRS-Feb2025.mat,foundation_v2_label_safe,paper/run_01_manifest.m,WT_WT,WT_WT,WT_WT,WT Pair,WT Pair,freely_moving_dyad,freely_moving_dyad,Freely moving dyad,WT Pair,Small arena,Freely moving dyad,None,None,cohort3,Cohort 3 small arena WT Pair reference late,C3,cohort3:WT_WT,C3 WT Pair,user_2026_06_25,,cohort3_pfc_chemogenetic,Cohort 3 PFC chemogenetic contrast,0,0,0,0,0,0,small:WT_WT,Small arena WT Pair,cohort3|small|WT_WT,Cohort 3 small arena WT Pair reference late,C3 small WT Pair,1
162,session_0162.mat,session_0162.mat,session_0162.mat,files2run,session_0533,0533,WT_WT,WT,freely_moving_dyad,none,none,0,S,small,1;1,WT,WT,,2,2,1;2,0.9418;0.9473,ok,,57599,13,2,1,57599x13x2,0,0,15315878,1,1,,1,1,,04-Jun-2026 16:32:26,ALLPAIRS-Feb2025.mat,foundation_v2_label_safe,paper/run_01_manifest.m,WT_WT,WT_WT,WT_WT,WT Pair,WT Pair,freely_moving_dyad,freely_moving_dyad,Freely moving dyad,WT Pair,Small arena,Freely moving dyad,None,None,cohort3,Cohort 3 small arena WT Pair reference late,C3,cohort3:WT_WT,C3 WT Pair,user_2026_06_25,,cohort3_pfc_chemogenetic,Cohort 3 PFC chemogenetic contrast,0,0,0,0,0,0,small:WT_WT,Small arena WT Pair,cohort3|small|WT_WT,Cohort 3 small arena WT Pair reference late,C3 small WT Pair,1
163,session_0163.mat,session_0163.mat,session_0163.mat,files2run,session_0534,0534,WT_WT,WT,freely_moving_dyad,none,none,0,S,small,1;1,WT,WT,,2,2,1;2,0.9589;0.9607,ok,,57599,13,2,1,57599x13x2,0,0,15526070,1,1,,1,1,,04-Jun-2026 16:32:26,ALLPAIRS-Feb2025.mat,foundation_v2_label_safe,paper/run_01_manifest.m,WT_WT,WT_WT,WT_WT,WT Pair,WT Pair,freely_moving_dyad,freely_moving_dyad,Freely moving dyad,WT Pair,Small arena,Freely moving dyad,None,None,cohort3,Cohort 3 small arena WT Pair reference late,C3,cohort3:WT_WT,C3 WT Pair,user_2026_06_25,,cohort3_pfc_chemogenetic,Cohort 3 PFC chemogenetic contrast,0,0,0,0,0,0,small:WT_WT,Small arena WT Pair,cohort3|small|WT_WT,Cohort 3 small arena WT Pair reference late,C3 small WT Pair,1
164,session_0164.mat,session_0164.mat,session_0164.mat,files2run,session_0535,0535,WT_WT,WT,freely_moving_dyad,none,none,0,S,small,1;1,WT,WT,,2,2,1;2,0.9521;0.9602,ok,,57599,13,2,1,57599x13x2,0,0,15365603,1,1,,1,1,,04-Jun-2026 16:32:26,ALLPAIRS-Feb2025.mat,foundation_v2_label_safe,paper/run_01_manifest.m,WT_WT,WT_WT,WT_WT,WT Pair,WT Pair,freely_moving_dyad,freely_moving_dyad,Freely moving dyad,WT Pair,Small arena,Freely moving dyad,None,None,cohort3,Cohort 3 small arena WT Pair reference late,C3,cohort3:WT_WT,C3 WT Pair,user_2026_06_25,,cohort3_pfc_chemogenetic,Cohort 3 PFC chemogenetic contrast,0,0,0,0,0,0,small:WT_WT,Small arena WT Pair,cohort3|small|WT_WT,Cohort 3 small arena WT Pair reference late,C3 small WT Pair,1
165,session_0165.mat,session_0165.mat,session_0165.mat,files2run,session_0536,0536,WT_WT,WT,freely_moving_dyad,none,none,0,S,small,1;1,WT,WT,,2,2,1;2,0.9617;0.9509,ok,,57599,13,2,1,57599x13x2,0,0,15013672,1,1,,1,1,,04-Jun-2026 16:32:27,ALLPAIRS-Feb2025.mat,foundation_v2_label_safe,paper/run_01_manifest.m,WT_WT,WT_WT,WT_WT,WT Pair,WT Pair,freely_moving_dyad,freely_moving_dyad,Freely moving dyad,WT Pair,Small arena,Freely moving dyad,None,None,cohort3,Cohort 3 small arena WT Pair reference late,C3,cohort3:WT_WT,C3 WT Pair,user_2026_06_25,,cohort3_pfc_chemogenetic,Cohort 3 PFC chemogenetic contrast,0,0,0,0,0,0,small:WT_WT,Small arena WT Pair,cohort3|small|WT_WT,Cohort 3 small arena WT Pair reference late,C3 small WT Pair,1
166,session_0166.mat,session_0166.mat,session_0166.mat,files2run,session_0537,0537,WT_WT,WT,freely_moving_dyad,none,none,0,S,small,1;1,WT,WT,,2,2,1;2,0.9435;0.9422,ok,,57599,13,2,1,57599x13x2,0,0,15007646,1,1,,1,1,,04-Jun-2026 16:32:27,ALLPAIRS-Feb2025.mat,foundation_v2_label_safe,paper/run_01_manifest.m,WT_WT,WT_WT,WT_WT,WT Pair,WT Pair,freely_moving_dyad,freely_moving_dyad,Freely moving dyad,WT Pair,Small arena,Freely moving dyad,None,None,cohort3,Cohort 3 small arena WT Pair reference late,C3,cohort3:WT_WT,C3 WT Pair,user_2026_06_25,,cohort3_pfc_chemogenetic,Cohort 3 PFC chemogenetic contrast,0,0,0,0,0,0,small:WT_WT,Small arena WT Pair,cohort3|small|WT_WT,Cohort 3 small arena WT Pair reference late,C3 small WT Pair,1
167,session_0167.mat,session_0167.mat,session_0167.mat,files2run,session_0538,0538,WT_WT,WT,freely_moving_dyad,none,none,0,S,small,1;1,WT,WT,,2,2,1;2,0.9559;0.9572,ok,,57599,13,2,1,57599x13x2,0,0,15516342,1,1,,1,1,,04-Jun-2026 16:32:27,ALLPAIRS-Feb2025.mat,foundation_v2_label_safe,paper/run_01_manifest.m,WT_WT,WT_WT,WT_WT,WT Pair,WT Pair,freely_moving_dyad,freely_moving_dyad,Freely moving dyad,WT Pair,Small arena,Freely moving dyad,None,None,cohort3,Cohort 3 small arena WT Pair reference late,C3,cohort3:WT_WT,C3 WT Pair,user_2026_06_25,,cohort3_pfc_chemogenetic,Cohort 3 PFC chemogenetic contrast,0,0,0,0,0,0,small:WT_WT,Small arena WT Pair,cohort3|small|WT_WT,Cohort 3 small arena WT Pair reference late,C3 small WT Pair,1
168,session_0168.mat,session_0168.mat,session_0168.mat,files2run,session_0539,0539,WT_WT,WT,freely_moving_dyad,none,none,0,S,small,1;1,WT,WT,,2,2,1;2,0.9584;0.9586,ok,,57599,13,2,1,57599x13x2,0,0,15451745,1,1,,1,1,,04-Jun-2026 16:32:27,ALLPAIRS-Feb2025.mat,foundation_v2_label_safe,paper/run_01_manifest.m,WT_WT,WT_WT,WT_WT,WT Pair,WT Pair,freely_moving_dyad,freely_moving_dyad,Freely moving dyad,WT Pair,Small arena,Freely moving dyad,None,None,cohort3,Cohort 3 small arena WT Pair reference late,C3,cohort3:WT_WT,C3 WT Pair,user_2026_06_25,,cohort3_pfc_chemogenetic,Cohort 3 PFC chemogenetic contrast,0,0,0,0,0,0,small:WT_WT,Small arena WT Pair,cohort3|small|WT_WT,Cohort 3 small arena WT Pair reference late,C3 small WT Pair,1
169,session_0169.mat,session_0169.mat,session_0169.mat,files2run,session_0540,0540,WT_WT,WT,freely_moving_dyad,none,none,0,S,small,1;1,WT,WT,,2,2,1;2,0.9501;0.9553,ok,,57599,13,2,1,57599x13x2,0,0,15556778,1,1,,1,1,,04-Jun-2026 16:32:28,ALLPAIRS-Feb2025.mat,foundation_v2_label_safe,paper/run_01_manifest.m,WT_WT,WT_WT,WT_WT,WT Pair,WT Pair,freely_moving_dyad,freely_moving_dyad,Freely moving dyad,WT Pair,Small arena,Freely moving dyad,None,None,cohort3,Cohort 3 small arena WT Pair reference late,C3,cohort3:WT_WT,C3 WT Pair,user_2026_06_25,,cohort3_pfc_chemogenetic,Cohort 3 PFC chemogenetic contrast,0,0,0,0,0,0,small:WT_WT,Small arena WT Pair,cohort3|small|WT_WT,Cohort 3 small arena WT Pair reference late,C3 small WT Pair,1
170,session_0170.mat,session_0170.mat,session_0170.mat,files2run,session_0541,0541,WT_WT,WT,freely_moving_dyad,none,none,0,S,small,1;1,WT,WT,,2,2,1;2,0.9376;0.9407,ok,,57599,13,2,1,57599x13x2,0,0,14999326,1,1,,1,1,,04-Jun-2026 16:32:28,ALLPAIRS-Feb2025.mat,foundation_v2_label_safe,paper/run_01_manifest.m,WT_WT,WT_WT,WT_WT,WT Pair,WT Pair,freely_moving_dyad,freely_moving_dyad,Freely moving dyad,WT Pair,Small arena,Freely moving dyad,None,None,cohort3,Cohort 3 small arena WT Pair reference late,C3,cohort3:WT_WT,C3 WT Pair,user_2026_06_25,,cohort3_pfc_chemogenetic,Cohort 3 PFC chemogenetic contrast,0,0,0,0,0,0,small:WT_WT,Small arena WT Pair,cohort3|small|WT_WT,Cohort 3 small arena WT Pair reference late,C3 small WT Pair,1
171,session_0171.mat,session_0171.mat,session_0171.mat,files2run,session_0542,0542,WT_WT,WT,freely_moving_dyad,none,none,0,S,small,1;1,WT,WT,,2,2,1;2,0.958;0.9597,ok,,57599,13,2,1,57599x13x2,0,0,15774941,1,1,,1,1,,04-Jun-2026 16:32:28,ALLPAIRS-Feb2025.mat,foundation_v2_label_safe,paper/run_01_manifest.m,WT_WT,WT_WT,WT_WT,WT Pair,WT Pair,freely_moving_dyad,freely_moving_dyad,Freely moving dyad,WT Pair,Small arena,Freely moving dyad,None,None,cohort3,Cohort 3 small arena WT Pair reference late,C3,cohort3:WT_WT,C3 WT Pair,user_2026_06_25,,cohort3_pfc_chemogenetic,Cohort 3 PFC chemogenetic contrast,0,0,0,0,0,0,small:WT_WT,Small arena WT Pair,cohort3|small|WT_WT,Cohort 3 small arena WT Pair reference late,C3 small WT Pair,1
172,session_0172.mat,session_0172.mat,session_0172.mat,files2run,session_0543,0543,WT_WT,WT,freely_moving_dyad,none,none,0,S,small,1;1,WT,WT,,2,2,1;2,0.9681;0.9691,ok,,57599,13,2,1,57599x13x2,0,0,15381454,1,1,,1,1,,04-Jun-2026 16:32:29,ALLPAIRS-Feb2025.mat,foundation_v2_label_safe,paper/run_01_manifest.m,WT_WT,WT_WT,WT_WT,WT Pair,WT Pair,freely_moving_dyad,freely_moving_dyad,Freely moving dyad,WT Pair,Small arena,Freely moving dyad,None,None,cohort3,Cohort 3 small arena WT Pair reference late,C3,cohort3:WT_WT,C3 WT Pair,user_2026_06_25,,cohort3_pfc_chemogenetic,Cohort 3 PFC chemogenetic contrast,0,0,0,0,0,0,small:WT_WT,Small arena WT Pair,cohort3|small|WT_WT,Cohort 3 small arena WT Pair reference late,C3 small WT Pair,1
173,session_0173.mat,session_0173.mat,session_0173.mat,files2run,session_0544,0544,WT_WT,WT,freely_moving_dyad,none,none,0,S,small,1;1,WT,WT,,2,2,1;2,0.9683;0.967,ok,,57599,13,2,1,57599x13x2,0,0,15244684,1,1,,1,1,,04-Jun-2026 16:32:29,ALLPAIRS-Feb2025.mat,foundation_v2_label_safe,paper/run_01_manifest.m,WT_WT,WT_WT,WT_WT,WT Pair,WT Pair,freely_moving_dyad,freely_moving_dyad,Freely moving dyad,WT Pair,Small arena,Freely moving dyad,None,None,cohort3,Cohort 3 small arena WT Pair reference late,C3,cohort3:WT_WT,C3 WT Pair,user_2026_06_25,,cohort3_pfc_chemogenetic,Cohort 3 PFC chemogenetic contrast,0,0,0,0,0,0,small:WT_WT,Small arena WT Pair,cohort3|small|WT_WT,Cohort 3 small arena WT Pair reference late,C3 small WT Pair,1
174,session_0174.mat,session_0174.mat,session_0174.mat,files2run,session_0545,0545,WT_WT,WT,freely_moving_dyad,none,none,0,S,small,1;1,WT,WT,,2,2,1;2,0.9492;0.9589,ok,,57599,13,2,1,57599x13x2,0,0,15455769,1,1,,1,1,,04-Jun-2026 16:32:29,ALLPAIRS-Feb2025.mat,foundation_v2_label_safe,paper/run_01_manifest.m,WT_WT,WT_WT,WT_WT,WT Pair,WT Pair,freely_moving_dyad,freely_moving_dyad,Freely moving dyad,WT Pair,Small arena,Freely moving dyad,None,None,cohort3,Cohort 3 small arena WT Pair reference late,C3,cohort3:WT_WT,C3 WT Pair,user_2026_06_25,,cohort3_pfc_chemogenetic,Cohort 3 PFC chemogenetic contrast,0,0,0,0,0,0,small:WT_WT,Small arena WT Pair,cohort3|small|WT_WT,Cohort 3 small arena WT Pair reference late,C3 small WT Pair,1
175,session_0175.mat,session_0175.mat,session_0175.mat,files2run,session_0546,0546,WT_WT,WT,freely_moving_dyad,none,none,0,S,small,1;1,WT,WT,,2,2,1;2,0.9441;0.9429,ok,,57599,13,2,1,57599x13x2,0,0,15251000,1,1,,1,1,,04-Jun-2026 16:32:30,ALLPAIRS-Feb2025.mat,foundation_v2_label_safe,paper/run_01_manifest.m,WT_WT,WT_WT,WT_WT,WT Pair,WT Pair,freely_moving_dyad,freely_moving_dyad,Freely moving dyad,WT Pair,Small arena,Freely moving dyad,None,None,cohort3,Cohort 3 small arena WT Pair reference late,C3,cohort3:WT_WT,C3 WT Pair,user_2026_06_25,,cohort3_pfc_chemogenetic,Cohort 3 PFC chemogenetic contrast,0,0,0,0,0,0,small:WT_WT,Small arena WT Pair,cohort3|small|WT_WT,Cohort 3 small arena WT Pair reference late,C3 small WT Pair,1
176,session_0176.mat,session_0176.mat,session_0176.mat,files2run,session_0547,0547,WT_WT,WT,freely_moving_dyad,none,none,0,S,small,1;1,WT,WT,,2,2,1;2,0.9798;0.9815,ok,,57599,13,2,1,57599x13x2,0,0,15696158,1,1,,1,1,,04-Jun-2026 16:32:30,ALLPAIRS-Feb2025.mat,foundation_v2_label_safe,paper/run_01_manifest.m,WT_WT,WT_WT,WT_WT,WT Pair,WT Pair,freely_moving_dyad,freely_moving_dyad,Freely moving dyad,WT Pair,Small arena,Freely moving dyad,None,None,cohort3,Cohort 3 small arena WT Pair reference late,C3,cohort3:WT_WT,C3 WT Pair,user_2026_06_25,,cohort3_pfc_chemogenetic,Cohort 3 PFC chemogenetic contrast,0,0,0,0,0,0,small:WT_WT,Small arena WT Pair,cohort3|small|WT_WT,Cohort 3 small arena WT Pair reference late,C3 small WT Pair,1
177,session_0177.mat,session_0177.mat,session_0177.mat,files2run,session_0548,0548,WT_WT,WT,freely_moving_dyad,none,none,0,S,small,1;1,WT,WT,,2,2,1;2,0.965;0.9623,ok,,57599,13,2,1,57599x13x2,0,0,15221642,1,1,,1,1,,04-Jun-2026 16:32:31,ALLPAIRS-Feb2025.mat,foundation_v2_label_safe,paper/run_01_manifest.m,WT_WT,WT_WT,WT_WT,WT Pair,WT Pair,freely_moving_dyad,freely_moving_dyad,Freely moving dyad,WT Pair,Small arena,Freely moving dyad,None,None,cohort3,Cohort 3 small arena WT Pair reference late,C3,cohort3:WT_WT,C3 WT Pair,user_2026_06_25,,cohort3_pfc_chemogenetic,Cohort 3 PFC chemogenetic contrast,0,0,0,0,0,0,small:WT_WT,Small arena WT Pair,cohort3|small|WT_WT,Cohort 3 small arena WT Pair reference late,C3 small WT Pair,1
178,session_0178.mat,session_0178.mat,session_0178.mat,files2run,session_0549,0549,WT_WT,WT,freely_moving_dyad,none,none,0,S,small,1;1,WT,WT,,2,2,1;2,0.9616;0.9637,ok,,57599,13,2,1,57599x13x2,0,0,15731065,1,1,,1,1,,04-Jun-2026 16:32:31,ALLPAIRS-Feb2025.mat,foundation_v2_label_safe,paper/run_01_manifest.m,WT_WT,WT_WT,WT_WT,WT Pair,WT Pair,freely_moving_dyad,freely_moving_dyad,Freely moving dyad,WT Pair,Small arena,Freely moving dyad,None,None,cohort3,Cohort 3 small arena WT Pair reference late,C3,cohort3:WT_WT,C3 WT Pair,user_2026_06_25,,cohort3_pfc_chemogenetic,Cohort 3 PFC chemogenetic contrast,0,0,0,0,0,0,small:WT_WT,Small arena WT Pair,cohort3|small|WT_WT,Cohort 3 small arena WT Pair reference late,C3 small WT Pair,1
179,session_0179.mat,session_0179.mat,session_0179.mat,files2run,session_0550,0550,WT_WT,WT,freely_moving_dyad,none,none,0,S,small,1;1,WT,WT,,2,2,1;2,0.9428;0.9464,ok,,57599,13,2,1,57599x13x2,0,0,15264311,1,1,,1,1,,04-Jun-2026 16:32:31,ALLPAIRS-Feb2025.mat,foundation_v2_label_safe,paper/run_01_manifest.m,WT_WT,WT_WT,WT_WT,WT Pair,WT Pair,freely_moving_dyad,freely_moving_dyad,Freely moving dyad,WT Pair,Small arena,Freely moving dyad,None,None,cohort3,Cohort 3 small arena WT Pair reference late,C3,cohort3:WT_WT,C3 WT Pair,user_2026_06_25,,cohort3_pfc_chemogenetic,Cohort 3 PFC chemogenetic contrast,0,0,0,0,0,0,small:WT_WT,Small arena WT Pair,cohort3|small|WT_WT,Cohort 3 small arena WT Pair reference late,C3 small WT Pair,1
180,session_0180.mat,session_0180.mat,session_0180.mat,files2run,session_0551,0551,WT_WT,WT,freely_moving_dyad,none,none,0,S,small,1;1,WT,WT,,2,2,1;2,0.9719;0.9723,ok,,57599,13,2,1,57599x13x2,0,0,15119478,1,1,,1,1,,04-Jun-2026 16:32:32,ALLPAIRS-Feb2025.mat,foundation_v2_label_safe,paper/run_01_manifest.m,WT_WT,WT_WT,WT_WT,WT Pair,WT Pair,freely_moving_dyad,freely_moving_dyad,Freely moving dyad,WT Pair,Small arena,Freely moving dyad,None,None,cohort3,Cohort 3 small arena WT Pair reference late,C3,cohort3:WT_WT,C3 WT Pair,user_2026_06_25,,cohort3_pfc_chemogenetic,Cohort 3 PFC chemogenetic contrast,0,0,0,0,0,0,small:WT_WT,Small arena WT Pair,cohort3|small|WT_WT,Cohort 3 small arena WT Pair reference late,C3 small WT Pair,1
181,session_0181.mat,session_0181.mat,session_0181.mat,files2run,session_0552,0552,WT_WT,WT,freely_moving_dyad,none,none,0,S,small,1;1,WT,WT,,2,2,1;2,0.951;0.9513,ok,,57599,13,2,1,57599x13x2,0,0,15582825,1,1,,1,1,,04-Jun-2026 16:32:32,ALLPAIRS-Feb2025.mat,foundation_v2_label_safe,paper/run_01_manifest.m,WT_WT,WT_WT,WT_WT,WT Pair,WT Pair,freely_moving_dyad,freely_moving_dyad,Freely moving dyad,WT Pair,Small arena,Freely moving dyad,None,None,cohort3,Cohort 3 small arena WT Pair reference late,C3,cohort3:WT_WT,C3 WT Pair,user_2026_06_25,,cohort3_pfc_chemogenetic,Cohort 3 PFC chemogenetic contrast,0,0,0,0,0,0,small:WT_WT,Small arena WT Pair,cohort3|small|WT_WT,Cohort 3 small arena WT Pair reference late,C3 small WT Pair,1
182,session_0182.mat,session_0182.mat,session_0182.mat,files2run,session_0553,0553,WT_WT,WT,freely_moving_dyad,none,none,0,S,small,1;1,WT,WT,,2,2,1;2,0.9436;0.9436,ok,,57599,13,2,1,57599x13x2,0,0,15522751,1,1,,1,1,,04-Jun-2026 16:32:32,ALLPAIRS-Feb2025.mat,foundation_v2_label_safe,paper/run_01_manifest.m,WT_WT,WT_WT,WT_WT,WT Pair,WT Pair,freely_moving_dyad,freely_moving_dyad,Freely moving dyad,WT Pair,Small arena,Freely moving dyad,None,None,cohort3,Cohort 3 small arena WT Pair reference late,C3,cohort3:WT_WT,C3 WT Pair,user_2026_06_25,,cohort3_pfc_chemogenetic,Cohort 3 PFC chemogenetic contrast,0,0,0,0,0,0,small:WT_WT,Small arena WT Pair,cohort3|small|WT_WT,Cohort 3 small arena WT Pair reference late,C3 small WT Pair,1
183,session_0183.mat,session_0183.mat,session_0183.mat,files2run,session_0554,0554,WT_WT,WT,freely_moving_dyad,none,none,0,S,small,1;1,WT,WT,,2,2,1;2,0.9589;0.9572,ok,,57599,13,2,1,57599x13x2,0,0,15702535,1,1,,1,1,,04-Jun-2026 16:32:32,ALLPAIRS-Feb2025.mat,foundation_v2_label_safe,paper/run_01_manifest.m,WT_WT,WT_WT,WT_WT,WT Pair,WT Pair,freely_moving_dyad,freely_moving_dyad,Freely moving dyad,WT Pair,Small arena,Freely moving dyad,None,None,cohort3,Cohort 3 small arena WT Pair reference late,C3,cohort3:WT_WT,C3 WT Pair,user_2026_06_25,,cohort3_pfc_chemogenetic,Cohort 3 PFC chemogenetic contrast,0,0,0,0,0,0,small:WT_WT,Small arena WT Pair,cohort3|small|WT_WT,Cohort 3 small arena WT Pair reference late,C3 small WT Pair,1
184,session_0184.mat,session_0184.mat,session_0184.mat,files2run,session_0555,0555,WT_WT,WT,freely_moving_dyad,none,none,0,S,small,1;1,WT,WT,,2,2,1;2,0.9649;0.9651,ok,,57599,13,2,1,57599x13x2,0,0,15623294,1,1,,1,1,,04-Jun-2026 16:32:33,ALLPAIRS-Feb2025.mat,foundation_v2_label_safe,paper/run_01_manifest.m,WT_WT,WT_WT,WT_WT,WT Pair,WT Pair,freely_moving_dyad,freely_moving_dyad,Freely moving dyad,WT Pair,Small arena,Freely moving dyad,None,None,cohort3,Cohort 3 small arena WT Pair reference late,C3,cohort3:WT_WT,C3 WT Pair,user_2026_06_25,,cohort3_pfc_chemogenetic,Cohort 3 PFC chemogenetic contrast,0,0,0,0,0,0,small:WT_WT,Small arena WT Pair,cohort3|small|WT_WT,Cohort 3 small arena WT Pair reference late,C3 small WT Pair,1
185,session_0185.mat,session_0185.mat,session_0185.mat,files2run,session_0556,0556,WT_WT,WT,freely_moving_dyad,none,none,0,S,small,1;1,WT,WT,,2,2,1;2,0.981;0.9778,ok,,57599,13,2,1,57599x13x2,0,0,15409508,1,1,,1,1,,04-Jun-2026 16:32:33,ALLPAIRS-Feb2025.mat,foundation_v2_label_safe,paper/run_01_manifest.m,WT_WT,WT_WT,WT_WT,WT Pair,WT Pair,freely_moving_dyad,freely_moving_dyad,Freely moving dyad,WT Pair,Small arena,Freely moving dyad,None,None,cohort3,Cohort 3 small arena WT Pair reference late,C3,cohort3:WT_WT,C3 WT Pair,user_2026_06_25,,cohort3_pfc_chemogenetic,Cohort 3 PFC chemogenetic contrast,0,0,0,0,0,0,small:WT_WT,Small arena WT Pair,cohort3|small|WT_WT,Cohort 3 small arena WT Pair reference late,C3 small WT Pair,1
186,session_0186.mat,session_0186.mat,session_0186.mat,files2run,session_0557,0557,WT_WT,WT,freely_moving_dyad,none,none,0,S,small,1;1,WT,WT,,2,2,1;2,0.982;0.9828,ok,,57599,13,2,1,57599x13x2,0,0,15603051,1,1,,1,1,,04-Jun-2026 16:32:33,ALLPAIRS-Feb2025.mat,foundation_v2_label_safe,paper/run_01_manifest.m,WT_WT,WT_WT,WT_WT,WT Pair,WT Pair,freely_moving_dyad,freely_moving_dyad,Freely moving dyad,WT Pair,Small arena,Freely moving dyad,None,None,cohort3,Cohort 3 small arena WT Pair reference late,C3,cohort3:WT_WT,C3 WT Pair,user_2026_06_25,,cohort3_pfc_chemogenetic,Cohort 3 PFC chemogenetic contrast,0,0,0,0,0,0,small:WT_WT,Small arena WT Pair,cohort3|small|WT_WT,Cohort 3 small arena WT Pair reference late,C3 small WT Pair,1
187,session_0187.mat,session_0187.mat,session_0187.mat,files2run,session_0558,0558,WT_WT,WT,freely_moving_dyad,none,none,0,S,small,1;1,WT,WT,,2,2,1;2,0.9895;0.9895,ok,,57599,13,2,1,57599x13x2,0,0,15710865,1,1,,1,1,,04-Jun-2026 16:32:33,ALLPAIRS-Feb2025.mat,foundation_v2_label_safe,paper/run_01_manifest.m,WT_WT,WT_WT,WT_WT,WT Pair,WT Pair,freely_moving_dyad,freely_moving_dyad,Freely moving dyad,WT Pair,Small arena,Freely moving dyad,None,None,cohort3,Cohort 3 small arena WT Pair reference late,C3,cohort3:WT_WT,C3 WT Pair,user_2026_06_25,,cohort3_pfc_chemogenetic,Cohort 3 PFC chemogenetic contrast,0,0,0,0,0,0,small:WT_WT,Small arena WT Pair,cohort3|small|WT_WT,Cohort 3 small arena WT Pair reference late,C3 small WT Pair,1
188,session_0188.mat,session_0188.mat,session_0188.mat,files2run,session_0559,0559,WT_WT,WT,freely_moving_dyad,none,none,0,S,small,1;1,WT,WT,,2,2,1;2,0.9458;0.9315,ok,,57599,13,2,1,57599x13x2,0,0,14959876,1,1,,1,1,,04-Jun-2026 16:32:33,ALLPAIRS-Feb2025.mat,foundation_v2_label_safe,paper/run_01_manifest.m,WT_WT,WT_WT,WT_WT,WT Pair,WT Pair,freely_moving_dyad,freely_moving_dyad,Freely moving dyad,WT Pair,Small arena,Freely moving dyad,None,None,cohort3,Cohort 3 small arena WT Pair reference late,C3,cohort3:WT_WT,C3 WT Pair,user_2026_06_25,,cohort3_pfc_chemogenetic,Cohort 3 PFC chemogenetic contrast,0,0,0,0,0,0,small:WT_WT,Small arena WT Pair,cohort3|small|WT_WT,Cohort 3 small arena WT Pair reference late,C3 small WT Pair,1
189,session_0189.mat,session_0189.mat,session_0189.mat,files2run,session_0560,0560,WT_WT,WT,freely_moving_dyad,none,none,0,S,small,1;1,WT,WT,,2,2,1;2,0.9591;0.9509,ok,,57599,13,2,1,57599x13x2,0,0,15561523,1,1,,1,1,,04-Jun-2026 16:32:34,ALLPAIRS-Feb2025.mat,foundation_v2_label_safe,paper/run_01_manifest.m,WT_WT,WT_WT,WT_WT,WT Pair,WT Pair,freely_moving_dyad,freely_moving_dyad,Freely moving dyad,WT Pair,Small arena,Freely moving dyad,None,None,cohort3,Cohort 3 small arena WT Pair reference late,C3,cohort3:WT_WT,C3 WT Pair,user_2026_06_25,,cohort3_pfc_chemogenetic,Cohort 3 PFC chemogenetic contrast,0,0,0,0,0,0,small:WT_WT,Small arena WT Pair,cohort3|small|WT_WT,Cohort 3 small arena WT Pair reference late,C3 small WT Pair,1
190,session_0190.mat,session_0190.mat,session_0190.mat,files2run,session_0561,0561,M_DCZPFC,MUT,chemogenetic_context,DCZ,PFC,0,S,small,2;3,MUT,WT_DREADD_PFC,,2,2,1;2,0.9647;0.9652,ok,,57599,13,2,1,57599x13x2,0,0,15408476,1,1,,1,1,,04-Jun-2026 16:32:34,ALLPAIRS-Feb2025.mat,foundation_v2_label_safe,paper/run_01_manifest.m,M_DCZPFC,M_DCZPFC,M_DCZPFC,Mut DCZ PFC,Mut DCZ PFC,pfc_chemogenetic,pfc_chemogenetic,PFC chemogenetic,Mut + WT DREADD PFC,Small arena,Chemogenetic context,DCZ,PFC,cohort3,Cohort 3 small arena Mut DCZ PFC,C3,cohort3:M_DCZPFC,C3 Mut DCZ PFC,user_2026_06_25,,cohort3_pfc_chemogenetic,Cohort 3 PFC chemogenetic contrast,0,0,0,0,1,0,small:M_DCZPFC,Small arena Mut DCZ PFC,cohort3|small|M_DCZPFC,Cohort 3 small arena Mut DCZ PFC,C3 small Mut DCZ PFC,1
191,session_0191.mat,session_0191.mat,session_0191.mat,files2run,session_0562,0562,M_DCZPFC,MUT,chemogenetic_context,DCZ,PFC,0,S,small,2;3,MUT,WT_DREADD_PFC,,2,2,1;2,0.965;0.9617,ok,,57599,13,2,1,57599x13x2,0,0,15391082,1,1,,1,1,,04-Jun-2026 16:32:34,ALLPAIRS-Feb2025.mat,foundation_v2_label_safe,paper/run_01_manifest.m,M_DCZPFC,M_DCZPFC,M_DCZPFC,Mut DCZ PFC,Mut DCZ PFC,pfc_chemogenetic,pfc_chemogenetic,PFC chemogenetic,Mut + WT DREADD PFC,Small arena,Chemogenetic context,DCZ,PFC,cohort3,Cohort 3 small arena Mut DCZ PFC,C3,cohort3:M_DCZPFC,C3 Mut DCZ PFC,user_2026_06_25,,cohort3_pfc_chemogenetic,Cohort 3 PFC chemogenetic contrast,0,0,0,0,1,0,small:M_DCZPFC,Small arena Mut DCZ PFC,cohort3|small|M_DCZPFC,Cohort 3 small arena Mut DCZ PFC,C3 small Mut DCZ PFC,1
192,session_0192.mat,session_0192.mat,session_0192.mat,files2run,session_0563,0563,M_DCZPFC,MUT,chemogenetic_context,DCZ,PFC,0,S,small,2;3,MUT,WT_DREADD_PFC,,2,2,1;2,0.9717;0.9662,ok,,57599,13,2,1,57599x13x2,0,0,15360381,1,1,,1,1,,04-Jun-2026 16:32:35,ALLPAIRS-Feb2025.mat,foundation_v2_label_safe,paper/run_01_manifest.m,M_DCZPFC,M_DCZPFC,M_DCZPFC,Mut DCZ PFC,Mut DCZ PFC,pfc_chemogenetic,pfc_chemogenetic,PFC chemogenetic,Mut + WT DREADD PFC,Small arena,Chemogenetic context,DCZ,PFC,cohort3,Cohort 3 small arena Mut DCZ PFC,C3,cohort3:M_DCZPFC,C3 Mut DCZ PFC,user_2026_06_25,,cohort3_pfc_chemogenetic,Cohort 3 PFC chemogenetic contrast,0,0,0,0,1,0,small:M_DCZPFC,Small arena Mut DCZ PFC,cohort3|small|M_DCZPFC,Cohort 3 small arena Mut DCZ PFC,C3 small Mut DCZ PFC,1
193,session_0193.mat,session_0193.mat,session_0193.mat,files2run,session_0564,0564,M_DCZPFC,MUT,chemogenetic_context,DCZ,PFC,0,S,small,2;3,MUT,WT_DREADD_PFC,,2,2,1;2,0.9625;0.9667,ok,,57599,13,2,1,57599x13x2,0,0,15533503,1,1,,1,1,,04-Jun-2026 16:32:35,ALLPAIRS-Feb2025.mat,foundation_v2_label_safe,paper/run_01_manifest.m,M_DCZPFC,M_DCZPFC,M_DCZPFC,Mut DCZ PFC,Mut DCZ PFC,pfc_chemogenetic,pfc_chemogenetic,PFC chemogenetic,Mut + WT DREADD PFC,Small arena,Chemogenetic context,DCZ,PFC,cohort3,Cohort 3 small arena Mut DCZ PFC,C3,cohort3:M_DCZPFC,C3 Mut DCZ PFC,user_2026_06_25,,cohort3_pfc_chemogenetic,Cohort 3 PFC chemogenetic contrast,0,0,0,0,1,0,small:M_DCZPFC,Small arena Mut DCZ PFC,cohort3|small|M_DCZPFC,Cohort 3 small arena Mut DCZ PFC,C3 small Mut DCZ PFC,1
194,session_0194.mat,session_0194.mat,session_0194.mat,files2run,session_0565,0565,M_DCZPFC,MUT,chemogenetic_context,DCZ,PFC,0,S,small,2;3,MUT,WT_DREADD_PFC,,2,2,1;2,0.9556;0.9519,ok,,57599,13,2,1,57599x13x2,0,0,14899248,1,1,,1,1,,04-Jun-2026 16:32:35,ALLPAIRS-Feb2025.mat,foundation_v2_label_safe,paper/run_01_manifest.m,M_DCZPFC,M_DCZPFC,M_DCZPFC,Mut DCZ PFC,Mut DCZ PFC,pfc_chemogenetic,pfc_chemogenetic,PFC chemogenetic,Mut + WT DREADD PFC,Small arena,Chemogenetic context,DCZ,PFC,cohort3,Cohort 3 small arena Mut DCZ PFC,C3,cohort3:M_DCZPFC,C3 Mut DCZ PFC,user_2026_06_25,,cohort3_pfc_chemogenetic,Cohort 3 PFC chemogenetic contrast,0,0,0,0,1,0,small:M_DCZPFC,Small arena Mut DCZ PFC,cohort3|small|M_DCZPFC,Cohort 3 small arena Mut DCZ PFC,C3 small Mut DCZ PFC,1
195,session_0195.mat,session_0195.mat,session_0195.mat,files2run,session_0566,0566,M_DCZPFC,MUT,chemogenetic_context,DCZ,PFC,0,S,small,2;3,MUT,WT_DREADD_PFC,,2,2,1;2,0.9589;0.9561,ok,,57599,13,2,1,57599x13x2,0,0,15410720,1,1,,1,1,,04-Jun-2026 16:32:36,ALLPAIRS-Feb2025.mat,foundation_v2_label_safe,paper/run_01_manifest.m,M_DCZPFC,M_DCZPFC,M_DCZPFC,Mut DCZ PFC,Mut DCZ PFC,pfc_chemogenetic,pfc_chemogenetic,PFC chemogenetic,Mut + WT DREADD PFC,Small arena,Chemogenetic context,DCZ,PFC,cohort3,Cohort 3 small arena Mut DCZ PFC,C3,cohort3:M_DCZPFC,C3 Mut DCZ PFC,user_2026_06_25,,cohort3_pfc_chemogenetic,Cohort 3 PFC chemogenetic contrast,0,0,0,0,1,0,small:M_DCZPFC,Small arena Mut DCZ PFC,cohort3|small|M_DCZPFC,Cohort 3 small arena Mut DCZ PFC,C3 small Mut DCZ PFC,1
196,session_0196.mat,session_0196.mat,session_0196.mat,files2run,session_0567,0567,M_DCZPFC,MUT,chemogenetic_context,DCZ,PFC,0,S,small,2;3,MUT,WT_DREADD_PFC,,2,2,1;2,0.9689;0.969,ok,,57599,13,2,1,57599x13x2,0,0,15306668,1,1,,1,1,,04-Jun-2026 16:32:36,ALLPAIRS-Feb2025.mat,foundation_v2_label_safe,paper/run_01_manifest.m,M_DCZPFC,M_DCZPFC,M_DCZPFC,Mut DCZ PFC,Mut DCZ PFC,pfc_chemogenetic,pfc_chemogenetic,PFC chemogenetic,Mut + WT DREADD PFC,Small arena,Chemogenetic context,DCZ,PFC,cohort3,Cohort 3 small arena Mut DCZ PFC,C3,cohort3:M_DCZPFC,C3 Mut DCZ PFC,user_2026_06_25,,cohort3_pfc_chemogenetic,Cohort 3 PFC chemogenetic contrast,0,0,0,0,1,0,small:M_DCZPFC,Small arena Mut DCZ PFC,cohort3|small|M_DCZPFC,Cohort 3 small arena Mut DCZ PFC,C3 small Mut DCZ PFC,1
197,session_0197.mat,session_0197.mat,session_0197.mat,files2run,session_0568,0568,M_DCZPFC,MUT,chemogenetic_context,DCZ,PFC,0,S,small,2;3,MUT,WT_DREADD_PFC,,2,2,1;2,0.8063;0.9565,ok,,57599,13,2,1,57599x13x2,0,0,13922390,1,1,,1,1,,04-Jun-2026 16:32:36,ALLPAIRS-Feb2025.mat,foundation_v2_label_safe,paper/run_01_manifest.m,M_DCZPFC,M_DCZPFC,M_DCZPFC,Mut DCZ PFC,Mut DCZ PFC,pfc_chemogenetic,pfc_chemogenetic,PFC chemogenetic,Mut + WT DREADD PFC,Small arena,Chemogenetic context,DCZ,PFC,cohort3,Cohort 3 small arena Mut DCZ PFC,C3,cohort3:M_DCZPFC,C3 Mut DCZ PFC,user_2026_06_25,,cohort3_pfc_chemogenetic,Cohort 3 PFC chemogenetic contrast,0,0,0,0,1,0,small:M_DCZPFC,Small arena Mut DCZ PFC,cohort3|small|M_DCZPFC,Cohort 3 small arena Mut DCZ PFC,C3 small Mut DCZ PFC,1
198,session_0198.mat,session_0198.mat,session_0198.mat,files2run,session_0569,0569,M_DCZPFC,MUT,chemogenetic_context,DCZ,PFC,0,S,small,2;3,MUT,WT_DREADD_PFC,,2,2,1;2,0.8602;0.9558,ok,,57599,13,2,1,57599x13x2,0,0,14954115,1,1,,1,1,,04-Jun-2026 16:32:36,ALLPAIRS-Feb2025.mat,foundation_v2_label_safe,paper/run_01_manifest.m,M_DCZPFC,M_DCZPFC,M_DCZPFC,Mut DCZ PFC,Mut DCZ PFC,pfc_chemogenetic,pfc_chemogenetic,PFC chemogenetic,Mut + WT DREADD PFC,Small arena,Chemogenetic context,DCZ,PFC,cohort3,Cohort 3 small arena Mut DCZ PFC,C3,cohort3:M_DCZPFC,C3 Mut DCZ PFC,user_2026_06_25,,cohort3_pfc_chemogenetic,Cohort 3 PFC chemogenetic contrast,0,0,0,0,1,0,small:M_DCZPFC,Small arena Mut DCZ PFC,cohort3|small|M_DCZPFC,Cohort 3 small arena Mut DCZ PFC,C3 small Mut DCZ PFC,1
199,session_0199.mat,session_0199.mat,session_0199.mat,files2run,session_0570,0570,M_DCZPFC,MUT,chemogenetic_context,DCZ,PFC,0,S,small,2;3,MUT,WT_DREADD_PFC,,2,2,1;2,0.8928;0.9464,ok,,57599,13,2,1,57599x13x2,0,0,14849698,1,1,,1,1,,04-Jun-2026 16:32:37,ALLPAIRS-Feb2025.mat,foundation_v2_label_safe,paper/run_01_manifest.m,M_DCZPFC,M_DCZPFC,M_DCZPFC,Mut DCZ PFC,Mut DCZ PFC,pfc_chemogenetic,pfc_chemogenetic,PFC chemogenetic,Mut + WT DREADD PFC,Small arena,Chemogenetic context,DCZ,PFC,cohort3,Cohort 3 small arena Mut DCZ PFC,C3,cohort3:M_DCZPFC,C3 Mut DCZ PFC,user_2026_06_25,,cohort3_pfc_chemogenetic,Cohort 3 PFC chemogenetic contrast,0,0,0,0,1,0,small:M_DCZPFC,Small arena Mut DCZ PFC,cohort3|small|M_DCZPFC,Cohort 3 small arena Mut DCZ PFC,C3 small Mut DCZ PFC,1
200,session_0200.mat,session_0200.mat,session_0200.mat,files2run,session_0571,0571,M_DCZcPFC,MUT,chemogenetic_context,DCZ,PFC,1,S,small,2;1,MUT,WT,,2,2,1;2,0.8419;0.9582,ok,,57599,13,2,1,57599x13x2,0,0,14382284,1,1,,1,1,,04-Jun-2026 16:32:37,ALLPAIRS-Feb2025.mat,foundation_v2_label_safe,paper/run_01_manifest.m,M_DCZcPFC,M_DCZcPFC,M_DCZcPFC,Mut DCZ control PFC,Mut DCZ control PFC,pfc_chemogenetic,pfc_chemogenetic,PFC chemogenetic,Mut + WT,Small arena,Chemogenetic context,DCZ,PFC,cohort3,Cohort 3 small arena Mut DCZ control PFC,C3,cohort3:M_DCZcPFC,C3 Mut DCZ control PFC,user_2026_06_25,control partner PFC chemogenetic group,cohort3_pfc_chemogenetic,Cohort 3 PFC chemogenetic contrast,0,0,0,0,1,0,small:M_DCZcPFC,Small arena Mut DCZ control PFC,cohort3|small|M_DCZcPFC,Cohort 3 small arena Mut DCZ control PFC,C3 small Mut DCZ control PFC,1
201,session_0201.mat,session_0201.mat,session_0201.mat,files2run,session_0572,0572,M_DCZcPFC,MUT,chemogenetic_context,DCZ,PFC,1,S,small,2;1,MUT,WT,,2,2,1;2,0.812;0.9214,ok,,57599,13,2,1,57599x13x2,0,0,14259491,1,1,,1,1,,04-Jun-2026 16:32:37,ALLPAIRS-Feb2025.mat,foundation_v2_label_safe,paper/run_01_manifest.m,M_DCZcPFC,M_DCZcPFC,M_DCZcPFC,Mut DCZ control PFC,Mut DCZ control PFC,pfc_chemogenetic,pfc_chemogenetic,PFC chemogenetic,Mut + WT,Small arena,Chemogenetic context,DCZ,PFC,cohort3,Cohort 3 small arena Mut DCZ control PFC,C3,cohort3:M_DCZcPFC,C3 Mut DCZ control PFC,user_2026_06_25,control partner PFC chemogenetic group,cohort3_pfc_chemogenetic,Cohort 3 PFC chemogenetic contrast,0,0,0,0,1,0,small:M_DCZcPFC,Small arena Mut DCZ control PFC,cohort3|small|M_DCZcPFC,Cohort 3 small arena Mut DCZ control PFC,C3 small Mut DCZ control PFC,1
202,session_0202.mat,session_0202.mat,session_0202.mat,files2run,session_0573,0573,M_DCZcPFC,MUT,chemogenetic_context,DCZ,PFC,1,S,small,2;1,MUT,WT,,2,2,1;2,0.9388;0.9591,ok,,57599,13,2,1,57599x13x2,0,0,14947860,1,1,,1,1,,04-Jun-2026 16:32:37,ALLPAIRS-Feb2025.mat,foundation_v2_label_safe,paper/run_01_manifest.m,M_DCZcPFC,M_DCZcPFC,M_DCZcPFC,Mut DCZ control PFC,Mut DCZ control PFC,pfc_chemogenetic,pfc_chemogenetic,PFC chemogenetic,Mut + WT,Small arena,Chemogenetic context,DCZ,PFC,cohort3,Cohort 3 small arena Mut DCZ control PFC,C3,cohort3:M_DCZcPFC,C3 Mut DCZ control PFC,user_2026_06_25,control partner PFC chemogenetic group,cohort3_pfc_chemogenetic,Cohort 3 PFC chemogenetic contrast,0,0,0,0,1,0,small:M_DCZcPFC,Small arena Mut DCZ control PFC,cohort3|small|M_DCZcPFC,Cohort 3 small arena Mut DCZ control PFC,C3 small Mut DCZ control PFC,1
203,session_0203.mat,session_0203.mat,session_0203.mat,files2run,session_0574,0574,M_DCZcPFC,MUT,chemogenetic_context,DCZ,PFC,1,S,small,2;1,MUT,WT,,2,2,1;2,0.9607;0.9619,ok,,57599,13,2,1,57599x13x2,0,0,15393026,1,1,,1,1,,04-Jun-2026 16:32:38,ALLPAIRS-Feb2025.mat,foundation_v2_label_safe,paper/run_01_manifest.m,M_DCZcPFC,M_DCZcPFC,M_DCZcPFC,Mut DCZ control PFC,Mut DCZ control PFC,pfc_chemogenetic,pfc_chemogenetic,PFC chemogenetic,Mut + WT,Small arena,Chemogenetic context,DCZ,PFC,cohort3,Cohort 3 small arena Mut DCZ control PFC,C3,cohort3:M_DCZcPFC,C3 Mut DCZ control PFC,user_2026_06_25,control partner PFC chemogenetic group,cohort3_pfc_chemogenetic,Cohort 3 PFC chemogenetic contrast,0,0,0,0,1,0,small:M_DCZcPFC,Small arena Mut DCZ control PFC,cohort3|small|M_DCZcPFC,Cohort 3 small arena Mut DCZ control PFC,C3 small Mut DCZ control PFC,1
204,session_0204.mat,session_0204.mat,session_0204.mat,files2run,session_0575,0575,M_DCZcPFC,MUT,chemogenetic_context,DCZ,PFC,1,S,small,2;1,MUT,WT,,2,2,1;2,0.9633;0.9654,ok,,57599,13,2,1,57599x13x2,0,0,15308060,1,1,,1,1,,04-Jun-2026 16:32:38,ALLPAIRS-Feb2025.mat,foundation_v2_label_safe,paper/run_01_manifest.m,M_DCZcPFC,M_DCZcPFC,M_DCZcPFC,Mut DCZ control PFC,Mut DCZ control PFC,pfc_chemogenetic,pfc_chemogenetic,PFC chemogenetic,Mut + WT,Small arena,Chemogenetic context,DCZ,PFC,cohort3,Cohort 3 small arena Mut DCZ control PFC,C3,cohort3:M_DCZcPFC,C3 Mut DCZ control PFC,user_2026_06_25,control partner PFC chemogenetic group,cohort3_pfc_chemogenetic,Cohort 3 PFC chemogenetic contrast,0,0,0,0,1,0,small:M_DCZcPFC,Small arena Mut DCZ control PFC,cohort3|small|M_DCZcPFC,Cohort 3 small arena Mut DCZ control PFC,C3 small Mut DCZ control PFC,1
205,session_0205.mat,session_0205.mat,session_0205.mat,files2run,session_0576,0576,M_DCZcDCN,MUT,chemogenetic_context,DCZ,DCN,1,S,small,2;1,MUT,WT,,2,2,1;2,0.9717;0.9707,ok,,57599,13,2,1,57599x13x2,0,0,15492913,1,1,,1,1,,04-Jun-2026 16:32:38,ALLPAIRS-Feb2025.mat,foundation_v2_label_safe,paper/run_01_manifest.m,M_DCZcDCN,M_DCZcDCN,M_DCZcDCN,Mut DCZ control DCN,Mut DCZ control DCN,dcn_chemogenetic,dcn_chemogenetic,DCN chemogenetic,Mut + WT,Small arena,Chemogenetic context,DCZ,DCN,cohort3_dcn_extension,Cohort 3 DCN extension small arena Mut DCZ control DCN,C3 DCN,cohort3_dcn_extension:M_DCZcDCN,C3 DCN Mut DCZ control DCN,user_2026_06_25,DCN chemogenetic group present in raw data; documented outside PFC contrast,cohort3_dcn_chemogenetic,Cohort 3 DCN chemogenetic extension,0,0,0,0,0,1,small:M_DCZcDCN,Small arena Mut DCZ control DCN,cohort3_dcn_extension|small|M_DCZcDCN,Cohort 3 DCN extension small arena Mut DCZ control DCN,C3 DCN small Mut DCZ control DCN,1
206,session_0206.mat,session_0206.mat,session_0206.mat,files2run,session_0577,0577,M_DCZcDCN,MUT,chemogenetic_context,DCZ,DCN,1,S,small,2;1,MUT,WT,,2,2,1;2,0.952;0.9542,ok,,57599,13,2,1,57599x13x2,0,0,15123970,1,1,,1,1,,04-Jun-2026 16:32:39,ALLPAIRS-Feb2025.mat,foundation_v2_label_safe,paper/run_01_manifest.m,M_DCZcDCN,M_DCZcDCN,M_DCZcDCN,Mut DCZ control DCN,Mut DCZ control DCN,dcn_chemogenetic,dcn_chemogenetic,DCN chemogenetic,Mut + WT,Small arena,Chemogenetic context,DCZ,DCN,cohort3_dcn_extension,Cohort 3 DCN extension small arena Mut DCZ control DCN,C3 DCN,cohort3_dcn_extension:M_DCZcDCN,C3 DCN Mut DCZ control DCN,user_2026_06_25,DCN chemogenetic group present in raw data; documented outside PFC contrast,cohort3_dcn_chemogenetic,Cohort 3 DCN chemogenetic extension,0,0,0,0,0,1,small:M_DCZcDCN,Small arena Mut DCZ control DCN,cohort3_dcn_extension|small|M_DCZcDCN,Cohort 3 DCN extension small arena Mut DCZ control DCN,C3 DCN small Mut DCZ control DCN,1
207,session_0207.mat,session_0207.mat,session_0207.mat,files2run,session_0578,0578,M_DCZcDCN,MUT,chemogenetic_context,DCZ,DCN,1,S,small,2;1,MUT,WT,,2,2,1;2,0.9752;0.9706,ok,,57599,13,2,1,57599x13x2,0,0,15458198,1,1,,1,1,,04-Jun-2026 16:32:40,ALLPAIRS-Feb2025.mat,foundation_v2_label_safe,paper/run_01_manifest.m,M_DCZcDCN,M_DCZcDCN,M_DCZcDCN,Mut DCZ control DCN,Mut DCZ control DCN,dcn_chemogenetic,dcn_chemogenetic,DCN chemogenetic,Mut + WT,Small arena,Chemogenetic context,DCZ,DCN,cohort3_dcn_extension,Cohort 3 DCN extension small arena Mut DCZ control DCN,C3 DCN,cohort3_dcn_extension:M_DCZcDCN,C3 DCN Mut DCZ control DCN,user_2026_06_25,DCN chemogenetic group present in raw data; documented outside PFC contrast,cohort3_dcn_chemogenetic,Cohort 3 DCN chemogenetic extension,0,0,0,0,0,1,small:M_DCZcDCN,Small arena Mut DCZ control DCN,cohort3_dcn_extension|small|M_DCZcDCN,Cohort 3 DCN extension small arena Mut DCZ control DCN,C3 DCN small Mut DCZ control DCN,1
208,session_0208.mat,session_0208.mat,session_0208.mat,files2run,session_0579,0579,M_DCZcDCN,MUT,chemogenetic_context,DCZ,DCN,1,S,small,2;1,MUT,WT,,2,2,1;2,0.9395;0.936,ok,,57599,13,2,1,57599x13x2,0,0,15021074,1,1,,1,1,,04-Jun-2026 16:32:40,ALLPAIRS-Feb2025.mat,foundation_v2_label_safe,paper/run_01_manifest.m,M_DCZcDCN,M_DCZcDCN,M_DCZcDCN,Mut DCZ control DCN,Mut DCZ control DCN,dcn_chemogenetic,dcn_chemogenetic,DCN chemogenetic,Mut + WT,Small arena,Chemogenetic context,DCZ,DCN,cohort3_dcn_extension,Cohort 3 DCN extension small arena Mut DCZ control DCN,C3 DCN,cohort3_dcn_extension:M_DCZcDCN,C3 DCN Mut DCZ control DCN,user_2026_06_25,DCN chemogenetic group present in raw data; documented outside PFC contrast,cohort3_dcn_chemogenetic,Cohort 3 DCN chemogenetic extension,0,0,0,0,0,1,small:M_DCZcDCN,Small arena Mut DCZ control DCN,cohort3_dcn_extension|small|M_DCZcDCN,Cohort 3 DCN extension small arena Mut DCZ control DCN,C3 DCN small Mut DCZ control DCN,1
209,session_0209.mat,session_0209.mat,session_0209.mat,files2run,session_0581,0581,M_DCZDCN,MUT,chemogenetic_context,DCZ,DCN,0,S,small,2;4,MUT,WT_DREADD_DCN,,2,2,1;2,0.9704;0.9724,ok,,57599,13,2,1,57599x13x2,0,0,15670740,1,1,,1,1,,04-Jun-2026 16:32:40,ALLPAIRS-Feb2025.mat,foundation_v2_label_safe,paper/run_01_manifest.m,M_DCZDCN,M_DCZDCN,M_DCZDCN,Mut DCZ DCN,Mut DCZ DCN,dcn_chemogenetic,dcn_chemogenetic,DCN chemogenetic,Mut + WT DREADD DCN,Small arena,Chemogenetic context,DCZ,DCN,cohort3_dcn_extension,Cohort 3 DCN extension small arena Mut DCZ DCN,C3 DCN,cohort3_dcn_extension:M_DCZDCN,C3 DCN Mut DCZ DCN,user_2026_06_25,DCN chemogenetic group present in raw data; documented outside PFC contrast,cohort3_dcn_chemogenetic,Cohort 3 DCN chemogenetic extension,0,0,0,0,0,1,small:M_DCZDCN,Small arena Mut DCZ DCN,cohort3_dcn_extension|small|M_DCZDCN,Cohort 3 DCN extension small arena Mut DCZ DCN,C3 DCN small Mut DCZ DCN,1
210,session_0210.mat,session_0210.mat,session_0210.mat,files2run,session_0582,0582,M_DCZDCN,MUT,chemogenetic_context,DCZ,DCN,0,S,small,2;4,MUT,WT_DREADD_DCN,,2,2,1;2,0.9574;0.9605,ok,,57599,13,2,1,57599x13x2,0,0,15379938,1,1,,1,1,,04-Jun-2026 16:32:40,ALLPAIRS-Feb2025.mat,foundation_v2_label_safe,paper/run_01_manifest.m,M_DCZDCN,M_DCZDCN,M_DCZDCN,Mut DCZ DCN,Mut DCZ DCN,dcn_chemogenetic,dcn_chemogenetic,DCN chemogenetic,Mut + WT DREADD DCN,Small arena,Chemogenetic context,DCZ,DCN,cohort3_dcn_extension,Cohort 3 DCN extension small arena Mut DCZ DCN,C3 DCN,cohort3_dcn_extension:M_DCZDCN,C3 DCN Mut DCZ DCN,user_2026_06_25,DCN chemogenetic group present in raw data; documented outside PFC contrast,cohort3_dcn_chemogenetic,Cohort 3 DCN chemogenetic extension,0,0,0,0,0,1,small:M_DCZDCN,Small arena Mut DCZ DCN,cohort3_dcn_extension|small|M_DCZDCN,Cohort 3 DCN extension small arena Mut DCZ DCN,C3 DCN small Mut DCZ DCN,1
211,session_0211.mat,session_0211.mat,session_0211.mat,files2run,session_0583,0583,M_DCZDCN,MUT,chemogenetic_context,DCZ,DCN,0,S,small,2;4,MUT,WT_DREADD_DCN,,2,2,1;2,0.9698;0.969,ok,,57599,13,2,1,57599x13x2,0,0,14828271,1,1,,1,1,,04-Jun-2026 16:32:41,ALLPAIRS-Feb2025.mat,foundation_v2_label_safe,paper/run_01_manifest.m,M_DCZDCN,M_DCZDCN,M_DCZDCN,Mut DCZ DCN,Mut DCZ DCN,dcn_chemogenetic,dcn_chemogenetic,DCN chemogenetic,Mut + WT DREADD DCN,Small arena,Chemogenetic context,DCZ,DCN,cohort3_dcn_extension,Cohort 3 DCN extension small arena Mut DCZ DCN,C3 DCN,cohort3_dcn_extension:M_DCZDCN,C3 DCN Mut DCZ DCN,user_2026_06_25,DCN chemogenetic group present in raw data; documented outside PFC contrast,cohort3_dcn_chemogenetic,Cohort 3 DCN chemogenetic extension,0,0,0,0,0,1,small:M_DCZDCN,Small arena Mut DCZ DCN,cohort3_dcn_extension|small|M_DCZDCN,Cohort 3 DCN extension small arena Mut DCZ DCN,C3 DCN small Mut DCZ DCN,1
212,session_0212.mat,session_0212.mat,session_0212.mat,files2run,session_0584,0584,M_DCZDCN,MUT,chemogenetic_context,DCZ,DCN,0,S,small,2;4,MUT,WT_DREADD_DCN,,2,2,1;2,0.9707;0.9372,ok,,57599,13,2,1,57599x13x2,0,0,14704726,1,1,,1,1,,04-Jun-2026 16:32:41,ALLPAIRS-Feb2025.mat,foundation_v2_label_safe,paper/run_01_manifest.m,M_DCZDCN,M_DCZDCN,M_DCZDCN,Mut DCZ DCN,Mut DCZ DCN,dcn_chemogenetic,dcn_chemogenetic,DCN chemogenetic,Mut + WT DREADD DCN,Small arena,Chemogenetic context,DCZ,DCN,cohort3_dcn_extension,Cohort 3 DCN extension small arena Mut DCZ DCN,C3 DCN,cohort3_dcn_extension:M_DCZDCN,C3 DCN Mut DCZ DCN,user_2026_06_25,DCN chemogenetic group present in raw data; documented outside PFC contrast,cohort3_dcn_chemogenetic,Cohort 3 DCN chemogenetic extension,0,0,0,0,0,1,small:M_DCZDCN,Small arena Mut DCZ DCN,cohort3_dcn_extension|small|M_DCZDCN,Cohort 3 DCN extension small arena Mut DCZ DCN,C3 DCN small Mut DCZ DCN,1
213,session_0213.mat,session_0213.mat,session_0213.mat,files2run,session_0585,0585,M_DCZDCN,MUT,chemogenetic_context,DCZ,DCN,0,S,small,2;4,MUT,WT_DREADD_DCN,,2,2,1;2,0.9661;0.9656,ok,,57599,13,2,1,57599x13x2,0,0,15339962,1,1,,1,1,,04-Jun-2026 16:32:41,ALLPAIRS-Feb2025.mat,foundation_v2_label_safe,paper/run_01_manifest.m,M_DCZDCN,M_DCZDCN,M_DCZDCN,Mut DCZ DCN,Mut DCZ DCN,dcn_chemogenetic,dcn_chemogenetic,DCN chemogenetic,Mut + WT DREADD DCN,Small arena,Chemogenetic context,DCZ,DCN,cohort3_dcn_extension,Cohort 3 DCN extension small arena Mut DCZ DCN,C3 DCN,cohort3_dcn_extension:M_DCZDCN,C3 DCN Mut DCZ DCN,user_2026_06_25,DCN chemogenetic group present in raw data; documented outside PFC contrast,cohort3_dcn_chemogenetic,Cohort 3 DCN chemogenetic extension,0,0,0,0,0,1,small:M_DCZDCN,Small arena Mut DCZ DCN,cohort3_dcn_extension|small|M_DCZDCN,Cohort 3 DCN extension small arena Mut DCZ DCN,C3 DCN small Mut DCZ DCN,1
214,session_0214.mat,session_0214.mat,session_0214.mat,files2run,session_0586,0586,M_DCZDCN,MUT,chemogenetic_context,DCZ,DCN,0,S,small,2;4,MUT,WT_DREADD_DCN,,2,2,1;2,0.9542;0.9526,ok,,57599,13,2,1,57599x13x2,0,0,15116859,1,1,,1,1,,04-Jun-2026 16:32:41,ALLPAIRS-Feb2025.mat,foundation_v2_label_safe,paper/run_01_manifest.m,M_DCZDCN,M_DCZDCN,M_DCZDCN,Mut DCZ DCN,Mut DCZ DCN,dcn_chemogenetic,dcn_chemogenetic,DCN chemogenetic,Mut + WT DREADD DCN,Small arena,Chemogenetic context,DCZ,DCN,cohort3_dcn_extension,Cohort 3 DCN extension small arena Mut DCZ DCN,C3 DCN,cohort3_dcn_extension:M_DCZDCN,C3 DCN Mut DCZ DCN,user_2026_06_25,DCN chemogenetic group present in raw data; documented outside PFC contrast,cohort3_dcn_chemogenetic,Cohort 3 DCN chemogenetic extension,0,0,0,0,0,1,small:M_DCZDCN,Small arena Mut DCZ DCN,cohort3_dcn_extension|small|M_DCZDCN,Cohort 3 DCN extension small arena Mut DCZ DCN,C3 DCN small Mut DCZ DCN,1
215,session_0215.mat,session_0215.mat,session_0215.mat,files2run,session_0587,0587,M_DCZDCN,MUT,chemogenetic_context,DCZ,DCN,0,S,small,2;4,MUT,WT_DREADD_DCN,,2,2,1;2,0.9683;0.9649,ok,,57599,13,2,1,57599x13x2,0,0,15352527,1,1,,1,1,,04-Jun-2026 16:32:41,ALLPAIRS-Feb2025.mat,foundation_v2_label_safe,paper/run_01_manifest.m,M_DCZDCN,M_DCZDCN,M_DCZDCN,Mut DCZ DCN,Mut DCZ DCN,dcn_chemogenetic,dcn_chemogenetic,DCN chemogenetic,Mut + WT DREADD DCN,Small arena,Chemogenetic context,DCZ,DCN,cohort3_dcn_extension,Cohort 3 DCN extension small arena Mut DCZ DCN,C3 DCN,cohort3_dcn_extension:M_DCZDCN,C3 DCN Mut DCZ DCN,user_2026_06_25,DCN chemogenetic group present in raw data; documented outside PFC contrast,cohort3_dcn_chemogenetic,Cohort 3 DCN chemogenetic extension,0,0,0,0,0,1,small:M_DCZDCN,Small arena Mut DCZ DCN,cohort3_dcn_extension|small|M_DCZDCN,Cohort 3 DCN extension small arena Mut DCZ DCN,C3 DCN small Mut DCZ DCN,1
216,session_0216.mat,session_0216.mat,session_0216.mat,files2run,session_0588,0588,M_DCZDCN,MUT,chemogenetic_context,DCZ,DCN,0,S,small,2;4,MUT,WT_DREADD_DCN,,2,2,1;2,0.9965;0.9228,ok,,57599,13,2,1,57599x13x2,0,0,14256208,1,1,,1,1,,04-Jun-2026 16:32:42,ALLPAIRS-Feb2025.mat,foundation_v2_label_safe,paper/run_01_manifest.m,M_DCZDCN,M_DCZDCN,M_DCZDCN,Mut DCZ DCN,Mut DCZ DCN,dcn_chemogenetic,dcn_chemogenetic,DCN chemogenetic,Mut + WT DREADD DCN,Small arena,Chemogenetic context,DCZ,DCN,cohort3_dcn_extension,Cohort 3 DCN extension small arena Mut DCZ DCN,C3 DCN,cohort3_dcn_extension:M_DCZDCN,C3 DCN Mut DCZ DCN,user_2026_06_25,DCN chemogenetic group present in raw data; documented outside PFC contrast,cohort3_dcn_chemogenetic,Cohort 3 DCN chemogenetic extension,0,0,0,0,0,1,small:M_DCZDCN,Small arena Mut DCZ DCN,cohort3_dcn_extension|small|M_DCZDCN,Cohort 3 DCN extension small arena Mut DCZ DCN,C3 DCN small Mut DCZ DCN,1
217,session_0217.mat,session_0217.mat,session_0217.mat,files2run,session_0589,0589,M_DCZDCN,MUT,chemogenetic_context,DCZ,DCN,0,S,small,2;4,MUT,WT_DREADD_DCN,,2,2,1;2,0.9675;0.9728,ok,,57599,13,2,1,57599x13x2,0,0,15464590,1,1,,1,1,,04-Jun-2026 16:32:42,ALLPAIRS-Feb2025.mat,foundation_v2_label_safe,paper/run_01_manifest.m,M_DCZDCN,M_DCZDCN,M_DCZDCN,Mut DCZ DCN,Mut DCZ DCN,dcn_chemogenetic,dcn_chemogenetic,DCN chemogenetic,Mut + WT DREADD DCN,Small arena,Chemogenetic context,DCZ,DCN,cohort3_dcn_extension,Cohort 3 DCN extension small arena Mut DCZ DCN,C3 DCN,cohort3_dcn_extension:M_DCZDCN,C3 DCN Mut DCZ DCN,user_2026_06_25,DCN chemogenetic group present in raw data; documented outside PFC contrast,cohort3_dcn_chemogenetic,Cohort 3 DCN chemogenetic extension,0,0,0,0,0,1,small:M_DCZDCN,Small arena Mut DCZ DCN,cohort3_dcn_extension|small|M_DCZDCN,Cohort 3 DCN extension small arena Mut DCZ DCN,C3 DCN small Mut DCZ DCN,1
218,session_0218.mat,session_0218.mat,session_0218.mat,files2run,session_0590,0590,M_DCZDCN,MUT,chemogenetic_context,DCZ,DCN,0,S,small,2;4,MUT,WT_DREADD_DCN,,2,2,1;2,0.9663;0.9656,ok,,57599,13,2,1,57599x13x2,0,0,15601136,1,1,,1,1,,04-Jun-2026 16:32:42,ALLPAIRS-Feb2025.mat,foundation_v2_label_safe,paper/run_01_manifest.m,M_DCZDCN,M_DCZDCN,M_DCZDCN,Mut DCZ DCN,Mut DCZ DCN,dcn_chemogenetic,dcn_chemogenetic,DCN chemogenetic,Mut + WT DREADD DCN,Small arena,Chemogenetic context,DCZ,DCN,cohort3_dcn_extension,Cohort 3 DCN extension small arena Mut DCZ DCN,C3 DCN,cohort3_dcn_extension:M_DCZDCN,C3 DCN Mut DCZ DCN,user_2026_06_25,DCN chemogenetic group present in raw data; documented outside PFC contrast,cohort3_dcn_chemogenetic,Cohort 3 DCN chemogenetic extension,0,0,0,0,0,1,small:M_DCZDCN,Small arena Mut DCZ DCN,cohort3_dcn_extension|small|M_DCZDCN,Cohort 3 DCN extension small arena Mut DCZ DCN,C3 DCN small Mut DCZ DCN,1
219,session_0219.mat,session_0219.mat,session_0219.mat,files2run,session_0591,0591,M_SALPFC,MUT,chemogenetic_context,SAL,PFC,0,S,small,2;1,MUT,WT,,2,2,1;2,0.9588;0.9567,ok,,57599,13,2,1,57599x13x2,0,0,15250752,1,1,,1,1,,04-Jun-2026 16:32:42,ALLPAIRS-Feb2025.mat,foundation_v2_label_safe,paper/run_01_manifest.m,M_SALPFC,M_SALPFC,M_SALPFC,Mut SAL PFC,Mut SAL PFC,pfc_chemogenetic,pfc_chemogenetic,PFC chemogenetic,Mut + WT,Small arena,Chemogenetic context,SAL,PFC,cohort3,Cohort 3 small arena Mut SAL PFC,C3,cohort3:M_SALPFC,C3 Mut SAL PFC,user_2026_06_25,,cohort3_pfc_chemogenetic,Cohort 3 PFC chemogenetic contrast,0,0,0,0,1,0,small:M_SALPFC,Small arena Mut SAL PFC,cohort3|small|M_SALPFC,Cohort 3 small arena Mut SAL PFC,C3 small Mut SAL PFC,1
220,session_0220.mat,session_0220.mat,session_0220.mat,files2run,session_0592,0592,M_SALPFC,MUT,chemogenetic_context,SAL,PFC,0,S,small,2;1,MUT,WT,,2,2,1;2,0.9691;0.9655,ok,,57599,13,2,1,57599x13x2,0,0,15223939,1,1,,1,1,,04-Jun-2026 16:32:42,ALLPAIRS-Feb2025.mat,foundation_v2_label_safe,paper/run_01_manifest.m,M_SALPFC,M_SALPFC,M_SALPFC,Mut SAL PFC,Mut SAL PFC,pfc_chemogenetic,pfc_chemogenetic,PFC chemogenetic,Mut + WT,Small arena,Chemogenetic context,SAL,PFC,cohort3,Cohort 3 small arena Mut SAL PFC,C3,cohort3:M_SALPFC,C3 Mut SAL PFC,user_2026_06_25,,cohort3_pfc_chemogenetic,Cohort 3 PFC chemogenetic contrast,0,0,0,0,1,0,small:M_SALPFC,Small arena Mut SAL PFC,cohort3|small|M_SALPFC,Cohort 3 small arena Mut SAL PFC,C3 small Mut SAL PFC,1
221,session_0221.mat,session_0221.mat,session_0221.mat,files2run,session_0593,0593,M_SALPFC,MUT,chemogenetic_context,SAL,PFC,0,S,small,2;1,MUT,WT,,2,2,1;2,0.9222;0.9409,ok,,57599,13,2,1,57599x13x2,0,0,15065657,1,1,,1,1,,04-Jun-2026 16:32:42,ALLPAIRS-Feb2025.mat,foundation_v2_label_safe,paper/run_01_manifest.m,M_SALPFC,M_SALPFC,M_SALPFC,Mut SAL PFC,Mut SAL PFC,pfc_chemogenetic,pfc_chemogenetic,PFC chemogenetic,Mut + WT,Small arena,Chemogenetic context,SAL,PFC,cohort3,Cohort 3 small arena Mut SAL PFC,C3,cohort3:M_SALPFC,C3 Mut SAL PFC,user_2026_06_25,,cohort3_pfc_chemogenetic,Cohort 3 PFC chemogenetic contrast,0,0,0,0,1,0,small:M_SALPFC,Small arena Mut SAL PFC,cohort3|small|M_SALPFC,Cohort 3 small arena Mut SAL PFC,C3 small Mut SAL PFC,1
222,session_0222.mat,session_0222.mat,session_0222.mat,files2run,session_0594,0594,M_SALPFC,MUT,chemogenetic_context,SAL,PFC,0,S,small,2;1,MUT,WT,,2,2,1;2,0.9067;0.9439,ok,,57599,13,2,1,57599x13x2,0,0,15445406,1,1,,1,1,,04-Jun-2026 16:32:43,ALLPAIRS-Feb2025.mat,foundation_v2_label_safe,paper/run_01_manifest.m,M_SALPFC,M_SALPFC,M_SALPFC,Mut SAL PFC,Mut SAL PFC,pfc_chemogenetic,pfc_chemogenetic,PFC chemogenetic,Mut + WT,Small arena,Chemogenetic context,SAL,PFC,cohort3,Cohort 3 small arena Mut SAL PFC,C3,cohort3:M_SALPFC,C3 Mut SAL PFC,user_2026_06_25,,cohort3_pfc_chemogenetic,Cohort 3 PFC chemogenetic contrast,0,0,0,0,1,0,small:M_SALPFC,Small arena Mut SAL PFC,cohort3|small|M_SALPFC,Cohort 3 small arena Mut SAL PFC,C3 small Mut SAL PFC,1
223,session_0223.mat,session_0223.mat,session_0223.mat,files2run,session_0595,0595,M_SALPFC,MUT,chemogenetic_context,SAL,PFC,0,S,small,2;1,MUT,WT,,2,2,1;2,0.9403;0.9528,ok,,57599,13,2,1,57599x13x2,0,0,15495357,1,1,,1,1,,04-Jun-2026 16:32:43,ALLPAIRS-Feb2025.mat,foundation_v2_label_safe,paper/run_01_manifest.m,M_SALPFC,M_SALPFC,M_SALPFC,Mut SAL PFC,Mut SAL PFC,pfc_chemogenetic,pfc_chemogenetic,PFC chemogenetic,Mut + WT,Small arena,Chemogenetic context,SAL,PFC,cohort3,Cohort 3 small arena Mut SAL PFC,C3,cohort3:M_SALPFC,C3 Mut SAL PFC,user_2026_06_25,,cohort3_pfc_chemogenetic,Cohort 3 PFC chemogenetic contrast,0,0,0,0,1,0,small:M_SALPFC,Small arena Mut SAL PFC,cohort3|small|M_SALPFC,Cohort 3 small arena Mut SAL PFC,C3 small Mut SAL PFC,1
224,session_0224.mat,session_0224.mat,session_0224.mat,files2run,session_0596,0596,M_SALPFC,MUT,chemogenetic_context,SAL,PFC,0,S,small,2;1,MUT,WT,,2,2,1;2,0.9818;0.9807,ok,,57599,13,2,1,57599x13x2,0,0,15681472,1,1,,1,1,,04-Jun-2026 16:32:44,ALLPAIRS-Feb2025.mat,foundation_v2_label_safe,paper/run_01_manifest.m,M_SALPFC,M_SALPFC,M_SALPFC,Mut SAL PFC,Mut SAL PFC,pfc_chemogenetic,pfc_chemogenetic,PFC chemogenetic,Mut + WT,Small arena,Chemogenetic context,SAL,PFC,cohort3,Cohort 3 small arena Mut SAL PFC,C3,cohort3:M_SALPFC,C3 Mut SAL PFC,user_2026_06_25,,cohort3_pfc_chemogenetic,Cohort 3 PFC chemogenetic contrast,0,0,0,0,1,0,small:M_SALPFC,Small arena Mut SAL PFC,cohort3|small|M_SALPFC,Cohort 3 small arena Mut SAL PFC,C3 small Mut SAL PFC,1
225,session_0225.mat,session_0225.mat,session_0225.mat,files2run,session_0597,0597,M_SALPFC,MUT,chemogenetic_context,SAL,PFC,0,S,small,2;1,MUT,WT,,2,2,1;2,0.9783;0.9843,ok,,57599,13,2,1,57599x13x2,0,0,15945672,1,1,,1,1,,04-Jun-2026 16:32:44,ALLPAIRS-Feb2025.mat,foundation_v2_label_safe,paper/run_01_manifest.m,M_SALPFC,M_SALPFC,M_SALPFC,Mut SAL PFC,Mut SAL PFC,pfc_chemogenetic,pfc_chemogenetic,PFC chemogenetic,Mut + WT,Small arena,Chemogenetic context,SAL,PFC,cohort3,Cohort 3 small arena Mut SAL PFC,C3,cohort3:M_SALPFC,C3 Mut SAL PFC,user_2026_06_25,,cohort3_pfc_chemogenetic,Cohort 3 PFC chemogenetic contrast,0,0,0,0,1,0,small:M_SALPFC,Small arena Mut SAL PFC,cohort3|small|M_SALPFC,Cohort 3 small arena Mut SAL PFC,C3 small Mut SAL PFC,1
226,session_0226.mat,session_0226.mat,session_0226.mat,files2run,session_0598,0598,M_SALPFC,MUT,chemogenetic_context,SAL,PFC,0,S,small,2;1,MUT,WT,,2,2,1;2,0.9817;0.9875,ok,,57599,13,2,1,57599x13x2,0,0,15730822,1,1,,1,1,,04-Jun-2026 16:32:44,ALLPAIRS-Feb2025.mat,foundation_v2_label_safe,paper/run_01_manifest.m,M_SALPFC,M_SALPFC,M_SALPFC,Mut SAL PFC,Mut SAL PFC,pfc_chemogenetic,pfc_chemogenetic,PFC chemogenetic,Mut + WT,Small arena,Chemogenetic context,SAL,PFC,cohort3,Cohort 3 small arena Mut SAL PFC,C3,cohort3:M_SALPFC,C3 Mut SAL PFC,user_2026_06_25,,cohort3_pfc_chemogenetic,Cohort 3 PFC chemogenetic contrast,0,0,0,0,1,0,small:M_SALPFC,Small arena Mut SAL PFC,cohort3|small|M_SALPFC,Cohort 3 small arena Mut SAL PFC,C3 small Mut SAL PFC,1
227,session_0227.mat,session_0227.mat,session_0227.mat,files2run,session_0599,0599,M_SALPFC,MUT,chemogenetic_context,SAL,PFC,0,S,small,2;1,MUT,WT,,2,2,1;2,0.985;0.987,ok,,57599,13,2,1,57599x13x2,0,0,15906180,1,1,,1,1,,04-Jun-2026 16:32:44,ALLPAIRS-Feb2025.mat,foundation_v2_label_safe,paper/run_01_manifest.m,M_SALPFC,M_SALPFC,M_SALPFC,Mut SAL PFC,Mut SAL PFC,pfc_chemogenetic,pfc_chemogenetic,PFC chemogenetic,Mut + WT,Small arena,Chemogenetic context,SAL,PFC,cohort3,Cohort 3 small arena Mut SAL PFC,C3,cohort3:M_SALPFC,C3 Mut SAL PFC,user_2026_06_25,,cohort3_pfc_chemogenetic,Cohort 3 PFC chemogenetic contrast,0,0,0,0,1,0,small:M_SALPFC,Small arena Mut SAL PFC,cohort3|small|M_SALPFC,Cohort 3 small arena Mut SAL PFC,C3 small Mut SAL PFC,1
228,session_0228.mat,session_0228.mat,session_0228.mat,files2run,session_0600,0600,M_SALPFC,MUT,chemogenetic_context,SAL,PFC,0,S,small,2;1,MUT,WT,,2,2,1;2,0.8439;0.9102,ok,,57599,13,2,1,57599x13x2,0,0,14762213,1,1,,1,1,,04-Jun-2026 16:32:44,ALLPAIRS-Feb2025.mat,foundation_v2_label_safe,paper/run_01_manifest.m,M_SALPFC,M_SALPFC,M_SALPFC,Mut SAL PFC,Mut SAL PFC,pfc_chemogenetic,pfc_chemogenetic,PFC chemogenetic,Mut + WT,Small arena,Chemogenetic context,SAL,PFC,cohort3,Cohort 3 small arena Mut SAL PFC,C3,cohort3:M_SALPFC,C3 Mut SAL PFC,user_2026_06_25,,cohort3_pfc_chemogenetic,Cohort 3 PFC chemogenetic contrast,0,0,0,0,1,0,small:M_SALPFC,Small arena Mut SAL PFC,cohort3|small|M_SALPFC,Cohort 3 small arena Mut SAL PFC,C3 small Mut SAL PFC,1
229,session_0229.mat,session_0229.mat,session_0229.mat,files2run,session_0601,0601,M_SALcPFC,MUT,chemogenetic_context,SAL,PFC,1,S,small,2;1,MUT,WT,,2,2,1;2,0.9474;0.9602,ok,,57599,13,2,1,57599x13x2,0,0,15478831,1,1,,1,1,,04-Jun-2026 16:32:45,ALLPAIRS-Feb2025.mat,foundation_v2_label_safe,paper/run_01_manifest.m,M_SALcPFC,M_SALcPFC,M_SALcPFC,Mut SAL control PFC,Mut SAL control PFC,pfc_chemogenetic,pfc_chemogenetic,PFC chemogenetic,Mut + WT,Small arena,Chemogenetic context,SAL,PFC,cohort3,Cohort 3 small arena Mut SAL control PFC,C3,cohort3:M_SALcPFC,C3 Mut SAL control PFC,user_2026_06_25,control partner PFC chemogenetic group,cohort3_pfc_chemogenetic,Cohort 3 PFC chemogenetic contrast,0,0,0,0,1,0,small:M_SALcPFC,Small arena Mut SAL control PFC,cohort3|small|M_SALcPFC,Cohort 3 small arena Mut SAL control PFC,C3 small Mut SAL control PFC,1
230,session_0230.mat,session_0230.mat,session_0230.mat,files2run,session_0602,0602,M_SALcPFC,MUT,chemogenetic_context,SAL,PFC,1,S,small,2;1,MUT,WT,,2,2,1;2,0.927;0.9518,ok,,57599,13,2,1,57599x13x2,0,0,15535323,1,1,,1,1,,04-Jun-2026 16:32:45,ALLPAIRS-Feb2025.mat,foundation_v2_label_safe,paper/run_01_manifest.m,M_SALcPFC,M_SALcPFC,M_SALcPFC,Mut SAL control PFC,Mut SAL control PFC,pfc_chemogenetic,pfc_chemogenetic,PFC chemogenetic,Mut + WT,Small arena,Chemogenetic context,SAL,PFC,cohort3,Cohort 3 small arena Mut SAL control PFC,C3,cohort3:M_SALcPFC,C3 Mut SAL control PFC,user_2026_06_25,control partner PFC chemogenetic group,cohort3_pfc_chemogenetic,Cohort 3 PFC chemogenetic contrast,0,0,0,0,1,0,small:M_SALcPFC,Small arena Mut SAL control PFC,cohort3|small|M_SALcPFC,Cohort 3 small arena Mut SAL control PFC,C3 small Mut SAL control PFC,1
231,session_0231.mat,session_0231.mat,session_0231.mat,files2run,session_0603,0603,M_SALcPFC,MUT,chemogenetic_context,SAL,PFC,1,S,small,2;1,MUT,WT,,2,2,1;2,0.9559;0.9697,ok,,57599,13,2,1,57599x13x2,0,0,15206887,1,1,,1,1,,04-Jun-2026 16:32:45,ALLPAIRS-Feb2025.mat,foundation_v2_label_safe,paper/run_01_manifest.m,M_SALcPFC,M_SALcPFC,M_SALcPFC,Mut SAL control PFC,Mut SAL control PFC,pfc_chemogenetic,pfc_chemogenetic,PFC chemogenetic,Mut + WT,Small arena,Chemogenetic context,SAL,PFC,cohort3,Cohort 3 small arena Mut SAL control PFC,C3,cohort3:M_SALcPFC,C3 Mut SAL control PFC,user_2026_06_25,control partner PFC chemogenetic group,cohort3_pfc_chemogenetic,Cohort 3 PFC chemogenetic contrast,0,0,0,0,1,0,small:M_SALcPFC,Small arena Mut SAL control PFC,cohort3|small|M_SALcPFC,Cohort 3 small arena Mut SAL control PFC,C3 small Mut SAL control PFC,1
232,session_0232.mat,session_0232.mat,session_0232.mat,files2run,session_0604,0604,M_SALcPFC,MUT,chemogenetic_context,SAL,PFC,1,S,small,2;1,MUT,WT,,2,2,1;2,0.9542;0.9615,ok,,57599,13,2,1,57599x13x2,0,0,15218172,1,1,,1,1,,04-Jun-2026 16:32:46,ALLPAIRS-Feb2025.mat,foundation_v2_label_safe,paper/run_01_manifest.m,M_SALcPFC,M_SALcPFC,M_SALcPFC,Mut SAL control PFC,Mut SAL control PFC,pfc_chemogenetic,pfc_chemogenetic,PFC chemogenetic,Mut + WT,Small arena,Chemogenetic context,SAL,PFC,cohort3,Cohort 3 small arena Mut SAL control PFC,C3,cohort3:M_SALcPFC,C3 Mut SAL control PFC,user_2026_06_25,control partner PFC chemogenetic group,cohort3_pfc_chemogenetic,Cohort 3 PFC chemogenetic contrast,0,0,0,0,1,0,small:M_SALcPFC,Small arena Mut SAL control PFC,cohort3|small|M_SALcPFC,Cohort 3 small arena Mut SAL control PFC,C3 small Mut SAL control PFC,1
233,session_0233.mat,session_0233.mat,session_0233.mat,files2run,session_0605,0605,M_SALcPFC,MUT,chemogenetic_context,SAL,PFC,1,S,small,2;1,MUT,WT,,2,2,1;2,0.9152;0.9523,ok,,57599,13,2,1,57599x13x2,0,0,15365987,1,1,,1,1,,04-Jun-2026 16:32:46,ALLPAIRS-Feb2025.mat,foundation_v2_label_safe,paper/run_01_manifest.m,M_SALcPFC,M_SALcPFC,M_SALcPFC,Mut SAL control PFC,Mut SAL control PFC,pfc_chemogenetic,pfc_chemogenetic,PFC chemogenetic,Mut + WT,Small arena,Chemogenetic context,SAL,PFC,cohort3,Cohort 3 small arena Mut SAL control PFC,C3,cohort3:M_SALcPFC,C3 Mut SAL control PFC,user_2026_06_25,control partner PFC chemogenetic group,cohort3_pfc_chemogenetic,Cohort 3 PFC chemogenetic contrast,0,0,0,0,1,0,small:M_SALcPFC,Small arena Mut SAL control PFC,cohort3|small|M_SALcPFC,Cohort 3 small arena Mut SAL control PFC,C3 small Mut SAL control PFC,1
234,session_0234.mat,session_0234.mat,session_0234.mat,files2run,session_0606,0606,M_SALcDCN,MUT,chemogenetic_context,SAL,DCN,1,S,small,2;1,MUT,WT,,2,2,1;2,0.9535;0.9543,ok,,57599,13,2,1,57599x13x2,0,0,15832985,1,1,,1,1,,04-Jun-2026 16:32:46,ALLPAIRS-Feb2025.mat,foundation_v2_label_safe,paper/run_01_manifest.m,M_SALcDCN,M_SALcDCN,M_SALcDCN,Mut SAL control DCN,Mut SAL control DCN,dcn_chemogenetic,dcn_chemogenetic,DCN chemogenetic,Mut + WT,Small arena,Chemogenetic context,SAL,DCN,cohort3_dcn_extension,Cohort 3 DCN extension small arena Mut SAL control DCN,C3 DCN,cohort3_dcn_extension:M_SALcDCN,C3 DCN Mut SAL control DCN,user_2026_06_25,DCN chemogenetic group present in raw data; documented outside PFC contrast,cohort3_dcn_chemogenetic,Cohort 3 DCN chemogenetic extension,0,0,0,0,0,1,small:M_SALcDCN,Small arena Mut SAL control DCN,cohort3_dcn_extension|small|M_SALcDCN,Cohort 3 DCN extension small arena Mut SAL control DCN,C3 DCN small Mut SAL control DCN,1
235,session_0235.mat,session_0235.mat,session_0235.mat,files2run,session_0607,0607,M_SALcDCN,MUT,chemogenetic_context,SAL,DCN,1,S,small,2;1,MUT,WT,,2,2,1;2,0.9614;0.9688,ok,,57599,13,2,1,57599x13x2,0,0,15406384,1,1,,1,1,,04-Jun-2026 16:32:46,ALLPAIRS-Feb2025.mat,foundation_v2_label_safe,paper/run_01_manifest.m,M_SALcDCN,M_SALcDCN,M_SALcDCN,Mut SAL control DCN,Mut SAL control DCN,dcn_chemogenetic,dcn_chemogenetic,DCN chemogenetic,Mut + WT,Small arena,Chemogenetic context,SAL,DCN,cohort3_dcn_extension,Cohort 3 DCN extension small arena Mut SAL control DCN,C3 DCN,cohort3_dcn_extension:M_SALcDCN,C3 DCN Mut SAL control DCN,user_2026_06_25,DCN chemogenetic group present in raw data; documented outside PFC contrast,cohort3_dcn_chemogenetic,Cohort 3 DCN chemogenetic extension,0,0,0,0,0,1,small:M_SALcDCN,Small arena Mut SAL control DCN,cohort3_dcn_extension|small|M_SALcDCN,Cohort 3 DCN extension small arena Mut SAL control DCN,C3 DCN small Mut SAL control DCN,1
236,session_0236.mat,session_0236.mat,session_0236.mat,files2run,session_0608,0608,M_SALcDCN,MUT,chemogenetic_context,SAL,DCN,1,S,small,2;1,MUT,WT,,2,2,1;2,0.9426;0.942,ok,,57599,13,2,1,57599x13x2,0,0,15194551,1,1,,1,1,,04-Jun-2026 16:32:47,ALLPAIRS-Feb2025.mat,foundation_v2_label_safe,paper/run_01_manifest.m,M_SALcDCN,M_SALcDCN,M_SALcDCN,Mut SAL control DCN,Mut SAL control DCN,dcn_chemogenetic,dcn_chemogenetic,DCN chemogenetic,Mut + WT,Small arena,Chemogenetic context,SAL,DCN,cohort3_dcn_extension,Cohort 3 DCN extension small arena Mut SAL control DCN,C3 DCN,cohort3_dcn_extension:M_SALcDCN,C3 DCN Mut SAL control DCN,user_2026_06_25,DCN chemogenetic group present in raw data; documented outside PFC contrast,cohort3_dcn_chemogenetic,Cohort 3 DCN chemogenetic extension,0,0,0,0,0,1,small:M_SALcDCN,Small arena Mut SAL control DCN,cohort3_dcn_extension|small|M_SALcDCN,Cohort 3 DCN extension small arena Mut SAL control DCN,C3 DCN small Mut SAL control DCN,1
237,session_0237.mat,session_0237.mat,session_0237.mat,files2run,session_0609,0609,M_SALcDCN,MUT,chemogenetic_context,SAL,DCN,1,S,small,2;1,MUT,WT,,2,2,1;2,0.9694;0.9734,ok,,57599,13,2,1,57599x13x2,0,0,15943006,1,1,,1,1,,04-Jun-2026 16:32:47,ALLPAIRS-Feb2025.mat,foundation_v2_label_safe,paper/run_01_manifest.m,M_SALcDCN,M_SALcDCN,M_SALcDCN,Mut SAL control DCN,Mut SAL control DCN,dcn_chemogenetic,dcn_chemogenetic,DCN chemogenetic,Mut + WT,Small arena,Chemogenetic context,SAL,DCN,cohort3_dcn_extension,Cohort 3 DCN extension small arena Mut SAL control DCN,C3 DCN,cohort3_dcn_extension:M_SALcDCN,C3 DCN Mut SAL control DCN,user_2026_06_25,DCN chemogenetic group present in raw data; documented outside PFC contrast,cohort3_dcn_chemogenetic,Cohort 3 DCN chemogenetic extension,0,0,0,0,0,1,small:M_SALcDCN,Small arena Mut SAL control DCN,cohort3_dcn_extension|small|M_SALcDCN,Cohort 3 DCN extension small arena Mut SAL control DCN,C3 DCN small Mut SAL control DCN,1
238,session_0238.mat,session_0238.mat,session_0238.mat,files2run,session_0611,0611,M_SALDCN,MUT,chemogenetic_context,SAL,DCN,0,S,small,2;1,MUT,WT,,2,2,1;2,0.7254;0.8328,ok,,57599,13,2,1,57599x13x2,0,0,13149801,1,1,,1,1,,04-Jun-2026 16:32:47,ALLPAIRS-Feb2025.mat,foundation_v2_label_safe,paper/run_01_manifest.m,M_SALDCN,M_SALDCN,M_SALDCN,Mut SAL DCN,Mut SAL DCN,dcn_chemogenetic,dcn_chemogenetic,DCN chemogenetic,Mut + WT,Small arena,Chemogenetic context,SAL,DCN,cohort3_dcn_extension,Cohort 3 DCN extension small arena Mut SAL DCN,C3 DCN,cohort3_dcn_extension:M_SALDCN,C3 DCN Mut SAL DCN,user_2026_06_25,DCN chemogenetic group present in raw data; documented outside PFC contrast,cohort3_dcn_chemogenetic,Cohort 3 DCN chemogenetic extension,0,0,0,0,0,1,small:M_SALDCN,Small arena Mut SAL DCN,cohort3_dcn_extension|small|M_SALDCN,Cohort 3 DCN extension small arena Mut SAL DCN,C3 DCN small Mut SAL DCN,1
239,session_0239.mat,session_0239.mat,session_0239.mat,files2run,session_0612,0612,M_SALDCN,MUT,chemogenetic_context,SAL,DCN,0,S,small,2;1,MUT,WT,,2,2,1;2,0.7712;0.802,ok,,57599,13,2,1,57599x13x2,0,0,13647327,1,1,,1,1,,04-Jun-2026 16:32:47,ALLPAIRS-Feb2025.mat,foundation_v2_label_safe,paper/run_01_manifest.m,M_SALDCN,M_SALDCN,M_SALDCN,Mut SAL DCN,Mut SAL DCN,dcn_chemogenetic,dcn_chemogenetic,DCN chemogenetic,Mut + WT,Small arena,Chemogenetic context,SAL,DCN,cohort3_dcn_extension,Cohort 3 DCN extension small arena Mut SAL DCN,C3 DCN,cohort3_dcn_extension:M_SALDCN,C3 DCN Mut SAL DCN,user_2026_06_25,DCN chemogenetic group present in raw data; documented outside PFC contrast,cohort3_dcn_chemogenetic,Cohort 3 DCN chemogenetic extension,0,0,0,0,0,1,small:M_SALDCN,Small arena Mut SAL DCN,cohort3_dcn_extension|small|M_SALDCN,Cohort 3 DCN extension small arena Mut SAL DCN,C3 DCN small Mut SAL DCN,1
240,session_0240.mat,session_0240.mat,session_0240.mat,files2run,session_0613,0613,M_SALDCN,MUT,chemogenetic_context,SAL,DCN,0,S,small,2;1,MUT,WT,,2,2,1;2,0.7171;0.903,ok,,57599,13,2,1,57599x13x2,0,0,13265562,1,1,,1,1,,04-Jun-2026 16:32:48,ALLPAIRS-Feb2025.mat,foundation_v2_label_safe,paper/run_01_manifest.m,M_SALDCN,M_SALDCN,M_SALDCN,Mut SAL DCN,Mut SAL DCN,dcn_chemogenetic,dcn_chemogenetic,DCN chemogenetic,Mut + WT,Small arena,Chemogenetic context,SAL,DCN,cohort3_dcn_extension,Cohort 3 DCN extension small arena Mut SAL DCN,C3 DCN,cohort3_dcn_extension:M_SALDCN,C3 DCN Mut SAL DCN,user_2026_06_25,DCN chemogenetic group present in raw data; documented outside PFC contrast,cohort3_dcn_chemogenetic,Cohort 3 DCN chemogenetic extension,0,0,0,0,0,1,small:M_SALDCN,Small arena Mut SAL DCN,cohort3_dcn_extension|small|M_SALDCN,Cohort 3 DCN extension small arena Mut SAL DCN,C3 DCN small Mut SAL DCN,1
241,session_0241.mat,session_0241.mat,session_0241.mat,files2run,session_0614,0614,M_SALDCN,MUT,chemogenetic_context,SAL,DCN,0,S,small,2;1,MUT,WT,,2,2,1;2,0.9615;0.9602,ok,,57599,13,2,1,57599x13x2,0,0,15551550,1,1,,1,1,,04-Jun-2026 16:32:49,ALLPAIRS-Feb2025.mat,foundation_v2_label_safe,paper/run_01_manifest.m,M_SALDCN,M_SALDCN,M_SALDCN,Mut SAL DCN,Mut SAL DCN,dcn_chemogenetic,dcn_chemogenetic,DCN chemogenetic,Mut + WT,Small arena,Chemogenetic context,SAL,DCN,cohort3_dcn_extension,Cohort 3 DCN extension small arena Mut SAL DCN,C3 DCN,cohort3_dcn_extension:M_SALDCN,C3 DCN Mut SAL DCN,user_2026_06_25,DCN chemogenetic group present in raw data; documented outside PFC contrast,cohort3_dcn_chemogenetic,Cohort 3 DCN chemogenetic extension,0,0,0,0,0,1,small:M_SALDCN,Small arena Mut SAL DCN,cohort3_dcn_extension|small|M_SALDCN,Cohort 3 DCN extension small arena Mut SAL DCN,C3 DCN small Mut SAL DCN,1
242,session_0242.mat,session_0242.mat,session_0242.mat,files2run,session_0615,0615,M_SALDCN,MUT,chemogenetic_context,SAL,DCN,0,S,small,2;1,MUT,WT,,2,2,1;2,0.9621;0.9621,ok,,57599,13,2,1,57599x13x2,0,0,15870790,1,1,,1,1,,04-Jun-2026 16:32:49,ALLPAIRS-Feb2025.mat,foundation_v2_label_safe,paper/run_01_manifest.m,M_SALDCN,M_SALDCN,M_SALDCN,Mut SAL DCN,Mut SAL DCN,dcn_chemogenetic,dcn_chemogenetic,DCN chemogenetic,Mut + WT,Small arena,Chemogenetic context,SAL,DCN,cohort3_dcn_extension,Cohort 3 DCN extension small arena Mut SAL DCN,C3 DCN,cohort3_dcn_extension:M_SALDCN,C3 DCN Mut SAL DCN,user_2026_06_25,DCN chemogenetic group present in raw data; documented outside PFC contrast,cohort3_dcn_chemogenetic,Cohort 3 DCN chemogenetic extension,0,0,0,0,0,1,small:M_SALDCN,Small arena Mut SAL DCN,cohort3_dcn_extension|small|M_SALDCN,Cohort 3 DCN extension small arena Mut SAL DCN,C3 DCN small Mut SAL DCN,1
243,session_0243.mat,session_0243.mat,session_0243.mat,files2run,session_0616,0616,M_SALDCN,MUT,chemogenetic_context,SAL,DCN,0,S,small,2;1,MUT,WT,,2,2,1;2,0.9499;0.9602,ok,,57599,13,2,1,57599x13x2,0,0,15542412,1,1,,1,1,,04-Jun-2026 16:32:49,ALLPAIRS-Feb2025.mat,foundation_v2_label_safe,paper/run_01_manifest.m,M_SALDCN,M_SALDCN,M_SALDCN,Mut SAL DCN,Mut SAL DCN,dcn_chemogenetic,dcn_chemogenetic,DCN chemogenetic,Mut + WT,Small arena,Chemogenetic context,SAL,DCN,cohort3_dcn_extension,Cohort 3 DCN extension small arena Mut SAL DCN,C3 DCN,cohort3_dcn_extension:M_SALDCN,C3 DCN Mut SAL DCN,user_2026_06_25,DCN chemogenetic group present in raw data; documented outside PFC contrast,cohort3_dcn_chemogenetic,Cohort 3 DCN chemogenetic extension,0,0,0,0,0,1,small:M_SALDCN,Small arena Mut SAL DCN,cohort3_dcn_extension|small|M_SALDCN,Cohort 3 DCN extension small arena Mut SAL DCN,C3 DCN small Mut SAL DCN,1
244,session_0244.mat,session_0244.mat,session_0244.mat,files2run,session_0617,0617,M_SALDCN,MUT,chemogenetic_context,SAL,DCN,0,S,small,2;1,MUT,WT,,2,2,1;2,0.974;0.9692,ok,,57599,13,2,1,57599x13x2,0,0,16204323,1,1,,1,1,,04-Jun-2026 16:32:49,ALLPAIRS-Feb2025.mat,foundation_v2_label_safe,paper/run_01_manifest.m,M_SALDCN,M_SALDCN,M_SALDCN,Mut SAL DCN,Mut SAL DCN,dcn_chemogenetic,dcn_chemogenetic,DCN chemogenetic,Mut + WT,Small arena,Chemogenetic context,SAL,DCN,cohort3_dcn_extension,Cohort 3 DCN extension small arena Mut SAL DCN,C3 DCN,cohort3_dcn_extension:M_SALDCN,C3 DCN Mut SAL DCN,user_2026_06_25,DCN chemogenetic group present in raw data; documented outside PFC contrast,cohort3_dcn_chemogenetic,Cohort 3 DCN chemogenetic extension,0,0,0,0,0,1,small:M_SALDCN,Small arena Mut SAL DCN,cohort3_dcn_extension|small|M_SALDCN,Cohort 3 DCN extension small arena Mut SAL DCN,C3 DCN small Mut SAL DCN,1
245,session_0245.mat,session_0245.mat,session_0245.mat,files2run,session_0618,0618,M_SALDCN,MUT,chemogenetic_context,SAL,DCN,0,S,small,2;1,MUT,WT,,2,2,1;2,0.5774;0.7893,ok,,57599,13,2,1,57599x13x2,0,0,11410943,1,1,,1,1,,04-Jun-2026 16:32:49,ALLPAIRS-Feb2025.mat,foundation_v2_label_safe,paper/run_01_manifest.m,M_SALDCN,M_SALDCN,M_SALDCN,Mut SAL DCN,Mut SAL DCN,dcn_chemogenetic,dcn_chemogenetic,DCN chemogenetic,Mut + WT,Small arena,Chemogenetic context,SAL,DCN,cohort3_dcn_extension,Cohort 3 DCN extension small arena Mut SAL DCN,C3 DCN,cohort3_dcn_extension:M_SALDCN,C3 DCN Mut SAL DCN,user_2026_06_25,DCN chemogenetic group present in raw data; documented outside PFC contrast,cohort3_dcn_chemogenetic,Cohort 3 DCN chemogenetic extension,0,0,0,0,0,1,small:M_SALDCN,Small arena Mut SAL DCN,cohort3_dcn_extension|small|M_SALDCN,Cohort 3 DCN extension small arena Mut SAL DCN,C3 DCN small Mut SAL DCN,1
246,session_0246.mat,session_0246.mat,session_0246.mat,files2run,session_0619,0619,M_SALDCN,MUT,chemogenetic_context,SAL,DCN,0,S,small,2;1,MUT,WT,,2,2,1;2,0.7842;0.853,ok,,57599,13,2,1,57599x13x2,0,0,13251578,1,1,,1,1,,04-Jun-2026 16:32:50,ALLPAIRS-Feb2025.mat,foundation_v2_label_safe,paper/run_01_manifest.m,M_SALDCN,M_SALDCN,M_SALDCN,Mut SAL DCN,Mut SAL DCN,dcn_chemogenetic,dcn_chemogenetic,DCN chemogenetic,Mut + WT,Small arena,Chemogenetic context,SAL,DCN,cohort3_dcn_extension,Cohort 3 DCN extension small arena Mut SAL DCN,C3 DCN,cohort3_dcn_extension:M_SALDCN,C3 DCN Mut SAL DCN,user_2026_06_25,DCN chemogenetic group present in raw data; documented outside PFC contrast,cohort3_dcn_chemogenetic,Cohort 3 DCN chemogenetic extension,0,0,0,0,0,1,small:M_SALDCN,Small arena Mut SAL DCN,cohort3_dcn_extension|small|M_SALDCN,Cohort 3 DCN extension small arena Mut SAL DCN,C3 DCN small Mut SAL DCN,1
247,session_0247.mat,session_0247.mat,session_0247.mat,files2run,session_0620,0620,M_SALDCN,MUT,chemogenetic_context,SAL,DCN,0,S,small,2;1,MUT,WT,,2,2,1;2,0.9474;0.954,ok,,57599,13,2,1,57599x13x2,0,0,15477544,1,1,,1,1,,04-Jun-2026 16:32:50,ALLPAIRS-Feb2025.mat,foundation_v2_label_safe,paper/run_01_manifest.m,M_SALDCN,M_SALDCN,M_SALDCN,Mut SAL DCN,Mut SAL DCN,dcn_chemogenetic,dcn_chemogenetic,DCN chemogenetic,Mut + WT,Small arena,Chemogenetic context,SAL,DCN,cohort3_dcn_extension,Cohort 3 DCN extension small arena Mut SAL DCN,C3 DCN,cohort3_dcn_extension:M_SALDCN,C3 DCN Mut SAL DCN,user_2026_06_25,DCN chemogenetic group present in raw data; documented outside PFC contrast,cohort3_dcn_chemogenetic,Cohort 3 DCN chemogenetic extension,0,0,0,0,0,1,small:M_SALDCN,Small arena Mut SAL DCN,cohort3_dcn_extension|small|M_SALDCN,Cohort 3 DCN extension small arena Mut SAL DCN,C3 DCN small Mut SAL DCN,1
